id,name,aliases,website,firm_type,parent,hq,hq_region
3peakscf-com,3Peaks Corporate Finance,,https://3peakscf.com,sector_specialist,,Wilmslow,North West
aab-uk,AAB,,https://aab.uk,accountancy_cf,,Aberdeen,Scotland
abacusdaynurserysales-com,Abacus Day Nursery Sales,,https://www.abacusdaynurserysales.com,business_broker,The Business Transfer Group,Bury,North West
acap-advisory-com,AcAp Advisory,,https://www.acap-advisory.com,sector_specialist,,London,London
accountantsforsale-co-uk,Accountants For Sale,,https://accountantsforsale.co.uk,business_broker,,,
acquirebusinesssales-co-uk,Acquire Business Sales,,https://acquirebusinesssales.co.uk,business_broker,,Bolton,North West
acuity-co-uk,Acuity Advisors,,https://www.acuity.co.uk,sector_specialist,,London,London
adamstreet-com,Adam Street Advisers,,https://www.adamstreet.com,independent_boutique,,London,London
advertisingmanda-com,Advertising M&A,,https://advertisingmanda.com,sector_specialist,,London,London
affinia-co-uk,Affinia,,https://www.affinia.co.uk,accountancy_cf,Affinia (Sovereign Capital-backed group),London,London
agcpartners-com,AGC Partners,,https://www.agcpartners.com,investment_bank,,Boston,International
agnitiocapital-com,Agnitio Capital,,https://agnitiocapital.com,sector_specialist,,London,London
aj-chambers-com,AJ Chambers,,https://aj-chambers.com,sector_specialist,,Southend-on-Sea,East of England
akenomtbn-co-uk,AkenoMTBN,,https://www.akenomtbn.co.uk,sector_specialist,Akeno,,
akereos-com,Akereos Capital,,https://akereos.com,sector_specialist,,London,London
alantra-com,Alantra,,https://www.alantra.com,investment_bank,,Madrid,International
alariscf-co-uk,Alaris Corporate Finance,,https://www.alariscf.co.uk,independent_boutique,,London,London
albertgoodman-co-uk,Albert Goodman,,https://www.albertgoodman.co.uk,accountancy_cf,,Taunton,South West
albrcapital-com,AlbR Capital,,https://albrcapital.com,investment_bank,,London,London
aldridgecarehomes-co-uk,Aldridge Care Homes,,https://aldridgecarehomes.co.uk,sector_specialist,,Chatham,South East
alexa-capital-com,Alexa Capital,,https://www.alexa-capital.com,sector_specialist,,London,London
alexander-co-uk,Alexander & Co,,https://alexander.co.uk,accountancy_cf,,Manchester,North West
alineacf-co-uk,Alinea,,https://www.alineacf.co.uk,independent_boutique,Pandion Partners,Birmingham,West Midlands
allenbycapital-com,Allenby Capital,,https://www.allenbycapital.com,investment_bank,,London,London
alliotts-com,Alliotts,,https://www.alliotts.com,accountancy_cf,,London,London
alpha-advisory-co-uk,Alpha Advisory,,https://www.alpha-advisory.co.uk,sector_specialist,,London,London
alphahelix-com,Alpha Helix,,https://www.alphahelix.com,sector_specialist,,London,London
altenburgadvisory-com,Altenburg Advisory,,https://www.altenburgadvisory.com,debt_advisory,,London,London
altiusgroup-co-uk,Altius Group (Altius Corporate Finance),Altius Group,https://altiusgroup.co.uk,business_broker,,Preston,North West
alvarezandmarsal-com,Alvarez & Marsal Corporate Finance,,https://www.alvarezandmarsal.com,investment_bank,Alvarez & Marsal,New York,International
ampersandlegal-co-uk,Ampersand Legal,,https://ampersandlegal.co.uk,sector_specialist,,,
anderson-barrowcliff-co-uk,Anderson Barrowcliff,,https://www.anderson-barrowcliff.co.uk,accountancy_cf,,Stockton-on-Tees,North East
anesiadvisors-com,Anesi Advisors,,https://anesiadvisors.com,independent_boutique,,London,London
angleseacf-ie,Anglesea Corporate Finance,,https://angleseacf.ie,independent_boutique,,Dublin,International
ardeapartners-com,Ardea Partners,,https://www.ardeapartners.com,investment_bank,,New York,International
argyllpartners-co-uk,Argyll Partners,,https://www.argyllpartners.co.uk,sector_specialist,,London,London
ariancapitalpartners-com,Arian Capital Partners,,https://ariancapitalpartners.com,independent_boutique,,London,London
arkios-co-uk,Arkios,,https://www.arkios.co.uk,independent_boutique,,London,London
armapartners-com,Arma Partners,,https://www.armapartners.com,sector_specialist,,London,London
armstrongwatson-co-uk,Armstrong Watson,,https://www.armstrongwatson.co.uk,accountancy_cf,,Carlisle,North West
arnoldhill-co-uk,Arnold Hill & Co,,https://www.arnoldhill.co.uk,accountancy_cf,,London,London
arrowpointadvisory-com,Arrowpoint Advisory,,https://www.arrowpointadvisory.com,investment_bank,Rothschild & Co,London,London
ashcombeadvisers-com,Ashcombe Advisers,,https://www.ashcombeadvisers.com,independent_boutique,,London,London
ashworthmoulds-co-uk,Ashworth Moulds,,https://www.ashworthmoulds.co.uk,accountancy_cf,,Burnley,North West
asmaccountants-com,ASM,,https://www.asmaccountants.com,accountancy_cf,,Newry,Northern Ireland
assaycf-com,Assay Corporate Finance,,https://www.assaycf.com,independent_boutique,,Birmingham,West Midlands
assyntcf-co-uk,Assynt Corporate Finance,,https://www.assyntcf.co.uk,accountancy_cf,,Stevenage,East of England
atlantama-com,Atlanta Mergers & Acquisitions,,https://www.atlantama.com,sector_specialist,,Hinckley,East Midlands
atomicconsultancy-com,Atomic Consultancy,,https://atomicconsultancy.com,business_broker,,Nottingham,East Midlands
attaincf-co-uk,Attain Corporate Finance,,https://attaincf.co.uk,independent_boutique,,Chelmsford,East of England
augustaco-com,Augusta & Co,,https://augustaco.com,sector_specialist,,London,London
averoadvisory-com,Avero Advisory,,https://www.averoadvisory.com,sector_specialist,,London,London
avondale-co-uk,Avondale,,https://avondale.co.uk,business_broker,,London,London
aw-capital-co-uk,AW Capital,,https://aw-capital.co.uk,independent_boutique,,Manchester,North West
axispartnership-co-uk,Axis Partnership,,https://www.axispartnership.co.uk,business_broker,,Bury St Edmunds,East of England
azets-com,Azets,,https://www.azets.com/en-uk,accountancy_cf,,London,London
bainswatts-co-uk,Bains Watts,,https://bainswatts.co.uk,business_broker,,London,London
rwbaird-com,Baird,,https://www.rwbaird.com,investment_bank,,Milwaukee,International
ballardevans-com,Ballard Evans,,https://www.ballardevans.com,independent_boutique,,Manchester,North West
ballardsllp-com,Ballards,,https://ballardsllp.com,accountancy_cf,,Droitwich,West Midlands
bamburghcapital-com,Bamburgh Capital,,https://bamburghcapital.com,independent_boutique,,Manchester,North West
barnesroffe-com,Barnes Roffe,,https://barnesroffe.com,accountancy_cf,,Uxbridge,London
barrons-cf-com,Barrons Corporate Finance,,https://barrons-cf.com,independent_boutique,,Leigh-on-Sea,East of England
batesweston-co-uk,Bates Weston,,https://www.batesweston.co.uk,accountancy_cf,,Derby,East Midlands
bdo-co-uk,BDO,,https://www.bdo.co.uk,accountancy_cf,BDO International,London,London
bdoni-com,BDO Northern Ireland,,https://www.bdoni.com,accountancy_cf,BDO International,Belfast,Northern Ireland
beaumontcornish-com,Beaumont Cornish,,https://www.beaumontcornish.com,investment_bank,,London,London
beavismorgan-com,Beavis Morgan,,https://www.beavismorgan.com,accountancy_cf,,London,London
beermerger-com,Beer Mergers,,https://beermerger.com,independent_boutique,,Westerham,South East
begbies-traynorgroup-com,Begbies Traynor Group (BTG),,https://www.begbies-traynorgroup.com,accountancy_cf,,Manchester,North West
beltrae-com,Beltrae Partners,,https://www.beltrae.com,independent_boutique,,Belfast,Northern Ireland
benchmarkintl-com,Benchmark International,,https://www.benchmarkintl.com,business_broker,,Tampa,International
bennettbrooks-co-uk,Bennett Brooks,,https://www.bennettbrooks.co.uk,accountancy_cf,,Northwich,North West
berenberg-de,Berenberg,,https://www.berenberg.de/en/,investment_bank,,Hamburg,International
berkshireglobal-com,Berkshire Global Advisors,,https://berkshireglobal.com,sector_specialist,,New York,International
bevanbuckland-co-uk,Bevan Buckland,,https://bevanbuckland.co.uk,accountancy_cf,,Swansea,Wales
bhp-co-uk,BHP,,https://bhp.co.uk,accountancy_cf,Sumer Group,Sheffield,Yorkshire and the Humber
bishopfleming-co-uk,Bishop Fleming,,https://www.bishopfleming.co.uk,accountancy_cf,,Exeter,South West
bishopsgatecf-co-uk,Bishopsgate Corporate Finance,,https://www.bishopsgatecf.co.uk,independent_boutique,,Stamford,East Midlands
bkplus-co-uk,bk plus,,https://bkplus.co.uk,accountancy_cf,,Walsall,West Midlands
bkl-co-uk,BKL,,https://bkl.co.uk,accountancy_cf,,London,London
blacksbrokers-com,Blacks Brokers,,https://www.blacksbrokers.com,business_broker,,Bury,North West
blacksquareadvisory-com,Blacksquare Advisory,,https://blacksquareadvisory.com,independent_boutique,,Manchester,North West
blackwoodcapital-com,Blackwood Capital Group,,https://www.blackwoodcapital.com,sector_specialist,,London,London
blickrothenberg-com,Blick Rothenberg,,https://www.blickrothenberg.com,accountancy_cf,Azets,London,London
blueboxcfg-com,Bluebox Corporate Finance,,https://www.blueboxcfg.com,independent_boutique,,London,London
bmhcf-co-uk,BMH Corporate Finance,,https://bmhcf.co.uk,independent_boutique,,Halifax,Yorkshire and the Humber
boshamcapitaladvisors-com,Bosham Capital Advisors,,https://www.boshamcapitaladvisors.com,independent_boutique,,,
bowspritpartners-com,Bowsprit Partners,,https://www.bowspritpartners.com,investment_bank,,London,London
boxington-com,Boxington Corporate Finance,,https://boxington.com,sector_specialist,,London,London
brabners-com,Brabners Deal Advisory,,https://www.brabners.com,law_firm,Brabners,Manchester,North West
breezecf-co-uk,Breeze Corporate Finance,,https://www.breezecf.co.uk,independent_boutique,,Nottingham,East Midlands
brightharbour-co,Bright Harbour Advisory,,https://brightharbour.co,independent_boutique,,London,London
bristolbusinessbrokers-co-uk,Bristol Business Brokers,,https://www.bristolbusinessbrokers.co.uk,business_broker,,Bristol,South West
brodersenco-com,Brodersen & Co,,https://brodersenco.com,sector_specialist,,Haslemere,South East
brownbutler-com,Brown Butler,,https://www.brownbutler.com,accountancy_cf,,Leeds,Yorkshire and the Humber
burgesshodgson-co-uk,Burgess Hodgson,,https://burgesshodgson.co.uk,accountancy_cf,,Canterbury,South East
burgisbullock-com,Burgis & Bullock,,https://www.burgisbullock.com,accountancy_cf,,Nuneaton,West Midlands
business-partnership-com,Business Partnership,,https://www.business-partnership.com,business_broker,,,
buzzacott-co-uk,Buzzacott,,https://www.buzzacott.co.uk,accountancy_cf,,London,London
cadreadvisory-co-uk,Cadre Advisory,,https://www.cadreadvisory.co.uk,accountancy_cf,,Penarth,Wales
cairnfin-com,Cairn Financial Advisers,,https://www.cairnfin.com,investment_bank,,London,London
caldeycorporatefinance-co-uk,Caldey Corporate Finance,,https://caldeycorporatefinance.co.uk,independent_boutique,,,
cambonpartners-com,Cambon Partners,,https://www.cambonpartners.com,sector_specialist,,Paris,International
camleegroup-com,Camlee Group,,https://camleegroup.com,independent_boutique,Dow Schofield Watts (strategic investor),Sale,North West
canaccordgenuity-com,Canaccord Genuity,,https://www.canaccordgenuity.com,investment_bank,,Vancouver,International
candourcf-com,Candour Corporate Finance,,https://candourcf.com,independent_boutique,,London,London
capeq-com,CapEQ,,https://capeq.com,independent_boutique,,London,London
capitalandtrust-com,Capital & Trust,,https://capitalandtrust.com,sector_specialist,,London,London
capitala-co,Capital A,,https://www.capitala.co,sector_specialist,,London,London
capitalexits-co-uk,Capital Exits,,https://www.capitalexits.co.uk,business_broker,,Fareham,South East
carlsquare-com-carlsquare-in-the-united-kingdom,Carlsquare UK,,https://carlsquare.com/carlsquare-in-the-united-kingdom/,sector_specialist,Carlsquare,London,London
carpenterbox-com,Carpenter Box,,https://www.carpenterbox.com,accountancy_cf,Sumer Group,Worthing,South East
castlecf-com,Castle Corporate Finance,,https://www.castlecf.com,independent_boutique,,London,London
castlesquarecf-co-uk,Castle Square Corporate Finance,,https://castlesquarecf.co.uk,independent_boutique,,Sheffield,Yorkshire and the Humber
castlemaincf-com,Castlemain CF,,https://www.castlemaincf.com,independent_boutique,,Sevenoaks,South East
cattaneo-co-uk,Cattaneo,,https://www.cattaneo.co.uk,independent_boutique,,Birmingham,West Midlands
cavendish-com,Cavendish,,https://www.cavendish.com,investment_bank,,London,London
cavucf-com,Cavu Corporate Finance,,https://cavucf.com,independent_boutique,,Newcastle upon Tyne,North East
centerviewpartners-com,Centerview Partners,,https://www.centerviewpartners.com,investment_bank,,New York,International
cerelo-co-uk,Cerelo,,https://cerelo.co.uk,sector_specialist,,Leeds,Yorkshire and the Humber
cfaw-com-nottingham,CFA Nottingham (Sunaxis),,https://www.cfaw.com/nottingham,independent_boutique,Corporate Finance Associates (CFA Worldwide),Nottingham,East Midlands
championgroup-co-uk,Champion Accountants,,https://www.championgroup.co.uk,accountancy_cf,,Manchester,North West
chantrycorporatefinance-uk,Chantry Corporate Finance,,https://chantrycorporatefinance.uk,independent_boutique,,Guildford,South East
chelseacorporate-com,Chelsea Corporate,,https://chelseacorporate.com,sector_specialist,,London,London
christie-com,Christie & Co,,https://www.christie.com,business_broker,Christie Group,London,London
christiegriffith-co-uk,Christie Griffith,,https://www.christiegriffith.co.uk,accountancy_cf,,Glasgow,Scotland
churchillmergers-com,Churchill Mergers,,https://churchillmergers.com,business_broker,,,
ciesco-com,Ciesco,,https://www.ciesco.com,sector_specialist,,London,London
clairfield-com-clairfield-in-the-uk,Clairfield UK,,https://clairfield.com/clairfield-in-the-uk/,independent_boutique,Clairfield International,Birmingham,West Midlands
clarksons-com-financial-securities-investment-banking,Clarksons Securities,,https://www.clarksons.com/financial/securities/investment-banking/,investment_bank,Clarksons PLC,London,London
clearwatercf-com,Clearwater,Clearwater International,https://www.clearwatercf.com,independent_boutique,KeyBanc Capital Markets (KeyCorp),Birmingham,West Midlands
clevelandscott-co-uk,Cleveland Scott,,https://clevelandscott.co.uk,independent_boutique,,Warrington,North West
cliveowen-com,Clive Owen,,https://www.cliveowen.com,accountancy_cf,,Darlington,North East
cncorporatefinance-co-uk,CN Corporate Finance,,https://cncorporatefinance.co.uk,independent_boutique,,Cheadle,North West
cogencycf-com,Co-gency Corporate Finance,,https://www.cogencycf.com,independent_boutique,,Manchester,North West
coadax-com,Coadax,,https://coadax.com,independent_boutique,Ampa,Birmingham,West Midlands
cofina-co-uk,Cofina Corporate Finance,,https://www.cofina.co.uk,sector_specialist,,London,London
cole-group-co-uk,Cole Associates,,https://www.cole-group.co.uk,independent_boutique,,Manchester,North West
collingwood-group,Collingwood,,https://collingwood.group,sector_specialist,,London,London
connectcf-com,Connect Corporate Finance,,https://www.connectcf.com,sector_specialist,,London,London
consultingmanda-co-uk,Consulting M&A,,https://consultingmanda.co.uk,sector_specialist,,Chichester,South East
continuum-partners,Continuum Advisory Partners,,https://www.continuum.partners,sector_specialist,,London,London
convexcf-com,Convex,,https://www.convexcf.com,independent_boutique,,Wilmslow,North West
cooperparry-com,Cooper Parry,,https://www.cooperparry.com,accountancy_cf,,Derby,East Midlands
corbettkeeling-com,Corbett Keeling,,https://www.corbettkeeling.com,independent_boutique,,London,London
corkgully-com,Cork Gully,,https://corkgully.com,independent_boutique,,London,London
cornerstone-cf-co-uk,Cornerstone Corporate Finance,,https://www.cornerstone-cf.co.uk,independent_boutique,,London,London
corpfin-co-uk,CorpFin,,https://corpfin.co.uk,independent_boutique,,Harrogate,Yorkshire and the Humber
corporatemergers-co-uk,Corporate Mergers,,https://www.corporatemergers.co.uk,sector_specialist,,Hinckley,East Midlands
corporatemoneymatters-co-uk,Corporate Money Matters,,https://www.corporatemoneymatters.co.uk,debt_advisory,,Nottingham,East Midlands
cortusadvisory-co-uk,Cortus Advisory Group,,https://www.cortusadvisory.co.uk,independent_boutique,,Manchester,North West
cottonsgroup-com,Cottons Group,,https://www.cottonsgroup.com,accountancy_cf,,Northampton,East Midlands
cowgills-co-uk,Cowgills,,https://www.cowgills.co.uk,accountancy_cf,Sumer,Bolton,North West
craigcorporate-com,Craig Corporate,,https://craigcorporate.com,independent_boutique,,Glasgow,Scotland
crescentcf-com,Crescent Corporate Finance,,https://crescentcf.com,independent_boutique,,Wetherby,Yorkshire and the Humber
xrcf-eu,Crossroads Corporate Finance,,https://www.xrcf.eu,independent_boutique,,London,London
crowe-com,Crowe,,https://www.crowe.com/uk,accountancy_cf,Crowe Global,London,London
chiene-co-uk,CT (Chiene + Tait),Chiene + Tait; CT,https://ct.me,accountancy_cf,,Edinburgh,Scotland
dafferns-com,Dafferns,,https://dafferns.com,accountancy_cf,,Coventry,West Midlands
daimagister-com,DAI Magister,,https://www.daimagister.com,sector_specialist,,London,London
dains-com,Dains,,https://www.dains.com,accountancy_cf,,Birmingham,West Midlands
davy-ie,Davy,,https://www.davy.ie,investment_bank,Bank of Ireland,Dublin,International
dcadvisory-com,DC Advisory,,https://www.dcadvisory.com,investment_bank,Daiwa Securities Group,London,London
dccare-co-uk,DC Care,,https://www.dccare.co.uk,business_broker,,Wetherby,Yorkshire and the Humber
deanst-co-uk,Dean Street Advisers,,https://www.deanst.co.uk,independent_boutique,,London,London
debretts-com-advisory,Debrett's Advisory,,https://debretts.com/advisory/,independent_boutique,Debrett's,London,London
deloitte-com,Deloitte,,https://www.deloitte.com/uk/en.html,big4,,London,London
dentalelite-co-uk,Dental Elite,,https://dentalelite.co.uk,business_broker,The Elite Group,Rugby,West Midlands
dentalpracticesale-co-uk,Dental Practice Sale (DPS),,https://www.dentalpracticesale.co.uk,sector_specialist,,Derby,East Midlands
dbnumis-com,Deutsche Numis,,https://www.dbnumis.com,investment_bank,Deutsche Bank,London,London
dexteritypartners-co-uk,Dexterity Partners,,https://dexteritypartners.co.uk,business_broker,,Ilkley,Yorkshire and the Humber
djh-co-uk,DJH,,https://www.djh.co.uk,accountancy_cf,,Stafford,West Midlands
dnscorporateadvisory-co-uk,dns Corporate Advisory,,https://dnscorporateadvisory.co.uk,accountancy_cf,dns accountants,Harrow,London
domiuscapitaladvisors-com,Domius Capital Advisors,,https://www.domiuscapitaladvisors.com,independent_boutique,,London,London
dswcapital-com,Dow Schofield Watts,,https://dswcapital.com,independent_boutique,DSW Capital plc,Daresbury,North West
dowgatecapital-co-uk,Dowgate Capital,,https://dowgatecapital.co.uk,investment_bank,,London,London
drakestar-com,Drake Star,,https://www.drakestar.com,sector_specialist,,New York,International
draperhinks-com,Draper Hinks,,https://draperhinks.com,business_broker,,Rugby,West Midlands
dsg-co-uk,DSG,,https://dsg.co.uk,accountancy_cf,,Liverpool,North West
duncantoplis-co-uk,Duncan & Toplis,,https://duncantoplis.co.uk,accountancy_cf,Kreston Global,Lincoln,East Midlands
dyerbaade-com,Dyer Baade & Company,,https://dyerbaade.com,sector_specialist,,London,London
dykeyaxley-co-uk,Dyke Yaxley,,https://www.dykeyaxley.co.uk,accountancy_cf,,Shrewsbury,West Midlands
eastwoodanglo-com,Eastwood Anglo,,https://www.eastwoodanglo.com,independent_boutique,,Newark,East Midlands
eclipsecf-com,Eclipse Corporate Finance,,https://www.eclipsecf.com,sector_specialist,,Moreton-in-Marsh,South West
edencf-com,Eden Corporate Finance,,https://www.edencf.com,independent_boutique,,London,London
edwardsaccountants-co-uk,Edwards Chartered Accountants,,https://edwardsaccountants.co.uk,accountancy_cf,,Walsall,West Midlands
eight-advisory-com,Eight Advisory UK,,https://www.eight-advisory.com,independent_boutique,Eight Advisory,Paris,International
elephants-child-co-uk,Elephants Child,,https://elephants-child.co.uk,independent_boutique,,,
elgarmiddleton-com,Elgar Middleton,,https://www.elgarmiddleton.com,sector_specialist,,London,London
ellacotts-co-uk,Ellacotts,,https://www.ellacotts.co.uk,accountancy_cf,,Banbury,South East
emcltd-co-uk,EMC Corporate Finance,,https://www.emcltd.co.uk,independent_boutique,,Hove,South East
entrepreneurshub-co-uk,Entrepreneurs Hub,,https://www.entrepreneurshub.co.uk,independent_boutique,,Basingstoke,South East
envoi-co-uk,Envoi,,https://envoi.co.uk,sector_specialist,,London,London
equiteq-com,Equiteq,,https://www.equiteq.com,sector_specialist,,London,London
ejgeorge-co-uk,Ernest J. George & Company,,https://www.ejgeorge.co.uk,sector_specialist,,Cheadle,North West
ernest-wilson-co-uk,Ernest Wilson,,https://www.ernest-wilson.co.uk,business_broker,,Leeds,Yorkshire and the Humber
europapartners-com,Europa Partners,,https://europapartners.com,independent_boutique,,London,London
evercore-com,Evercore,,https://www.evercore.com,investment_bank,,New York,International
evolutioncapital-com,Evolution Capital,,https://evolutioncapital.com,sector_specialist,,London,London
evolvecf-co-uk,Evolve Corporate Finance,,https://evolvecf.co.uk,independent_boutique,,Birmingham,West Midlands
exitbetter-co-uk,Exit Better,,https://www.exitbetter.co.uk,sector_specialist,,London,London
ey-com-en-uk,EY,,https://www.ey.com/en_uk,big4,,London,London
feinternational-com,FE International,,https://www.feinternational.com,sector_specialist,,New York,International
fenchurchadvisory-com,Fenchurch Advisory,,https://fenchurchadvisory.com,sector_specialist,,London,London
fianderetl-co-uk,Fiander ETL,,https://www.fianderetl.co.uk,accountancy_cf,ETL Global,Southampton,South East
firstcapital-co-uk,FirstCapital,,https://www.firstcapital.co.uk,investment_bank,,London,London
flagshipadvisorypartners-com,Flagship Advisory Partners,,https://flagshipadvisorypartners.com,sector_specialist,,,International
fleurets-com,Fleurets,,https://www.fleurets.com,business_broker,,London,London
fcf-ltd,Ford Campbell Freedman (FCF),,https://fcf.ltd,accountancy_cf,,Leeds,Yorkshire and the Humber
forrester-boyd-co-uk,Forrester Boyd,,https://www.forrester-boyd.co.uk,accountancy_cf,,Grimsby,Yorkshire and the Humber
forvismazars-com,Forvis Mazars,,https://www.forvismazars.com/uk/en,accountancy_cf,Forvis Mazars Group,London,London
forwardcf-co-uk,Forward Corporate Finance,,https://forwardcf.co.uk,independent_boutique,,Bishop's Stortford,East of England
foulgerunderwood-com,Foulger Underwood,,https://www.foulgerunderwood.com,sector_specialist,,Worthing,South East
fox-davies-com,Fox-Davies Capital,,https://www.fox-davies.com,investment_bank,,London,London
ft-associates-com,Frank Taylor & Associates,,https://www.ft-associates.com,business_broker,,Brookmans Park,East of England
frazerhall-com,Frazer Hall,,https://www.frazerhall.com,independent_boutique,,Manchester,North West
frpadvisory-com,FRP Advisory,,https://www.frpadvisory.com,accountancy_cf,,London,London
ftpartners-com,FT Partners,,https://ftpartners.com,sector_specialist,,San Francisco,International
gambitcf-com,Gambit Corporate Finance,,https://www.gambitcf.com,independent_boutique,,Cardiff,Wales
garmaadvisory-com,Garma Advisory,,https://garmaadvisory.com,independent_boutique,,Belfast,Northern Ireland
gemcf-co-uk,GEM Corporate Finance,,https://www.gemcf.co.uk,independent_boutique,,Oxted,South East
geraldedelman-com,Gerald Edelman,,https://www.geraldedelman.com,accountancy_cf,,London,London
ghfadvisory-com,GHF Advisory,,https://ghfadvisory.com,sector_specialist,,London,London
globalleisurepartners-com,Global Leisure Partners,,https://globalleisurepartners.com,sector_specialist,,London,London
gmcg-co-uk,GMcG (Goldblatt McGuigan),,https://www.gmcg.co.uk,accountancy_cf,,Belfast,Northern Ireland
gneiss-energy,Gneiss Energy,,https://gneiss.energy,sector_specialist,,Edinburgh,Scotland
goodbody-ie,Goodbody,Goodbody (London),https://www.goodbody.ie,investment_bank,AIB,Dublin,International
goodmanjones-com,Goodman Jones,,https://www.goodmanjones.com,accountancy_cf,,London,London
gpbullhound-com,GP Bullhound,,https://www.gpbullhound.com,sector_specialist,,London,London
grantthornton-co-uk,Grant Thornton,,https://www.grantthornton.co.uk,accountancy_cf,Grant Thornton International,London,London
grantthornton-ie-locations-belfast,Grant Thornton (NI),,https://www.grantthornton.ie/locations/belfast/,accountancy_cf,Grant Thornton Ireland,Belfast,Northern Ireland
gravita-com,Gravita,,https://www.gravita.com,accountancy_cf,,London,London
graycorporatefinance-co-uk,Gray Corporate Finance,,https://graycorporatefinance.co.uk,independent_boutique,,Sheffield,Yorkshire and the Humber
green-giraffe-com,Green Giraffe,,https://green-giraffe.com,sector_specialist,,Paris,International
greenoakadvisory-com,Greenoak Advisory,,https://www.greenoakadvisory.com,independent_boutique,,Leicester,East Midlands
greenstones-co-uk,GreenStones,,https://www.greenstones.co.uk,accountancy_cf,,Peterborough,East of England
grunberg-co-uk,Grunberg,,https://www.grunberg.co.uk,accountancy_cf,,London,London
gunnerandco-com,Gunner & Co,,https://www.gunnerandco.com,sector_specialist,,Bristol,South West
haddonconsult-co-uk,Haddon Consult,,https://haddonconsult.co.uk,sector_specialist,,,
hahnbeck-com,Hahnbeck,,https://hahnbeck.com,sector_specialist,,London,London
hwca-com,Haines Watts,,https://www.hwca.com,accountancy_cf,,Slough,South East
hall-morrice-co-uk,Hall Morrice,,https://hall-morrice.co.uk,accountancy_cf,,Aberdeen,Scotland
hamlyns-com,Hamlyns,,https://www.hamlyns.com,accountancy_cf,,Woking,South East
hampletonpartners-com,Hampleton Partners,,https://www.hampletonpartners.com,sector_specialist,,London,London
hanloncorporateadvisory-co-uk,Hanlon Corporate Advisory,,https://hanloncorporateadvisory.co.uk,independent_boutique,,Market Harborough,East Midlands
hannam-partners,Hannam & Partners,,https://hannam.partners,investment_bank,,London,London
harlequincf-co-uk,Harlequin Corporate Finance,,https://harlequincf.co.uk,sector_specialist,,Henley-on-Thames,South East
harriswilliams-com,Harris Williams,,https://www.harriswilliams.com,investment_bank,PNC Financial Services,"Richmond, Virginia",International
hartshaw-co-uk,Hart Shaw,,https://www.hartshaw.co.uk,accountancy_cf,,Sheffield,Yorkshire and the Humber
hartleyfowler-com,Hartley Fowler,,https://hartleyfowler.com,accountancy_cf,,London,London
haslers-com,Haslers,,https://www.haslers.com,accountancy_cf,,Loughton,East of England
hawsons-co-uk,Hawsons,,https://www.hawsons.co.uk,accountancy_cf,HLB International,Sheffield,Yorkshire and the Humber
haysmac-com,Haysmacintyre,,https://haysmac.com,accountancy_cf,MGI Worldwide,London,London
hazlewoods-co-uk,Hazlewoods,,https://www.hazlewoods.co.uk,accountancy_cf,,Cheltenham,South West
hca-group-hca-corporate-finance,HCA Corporate Finance,,https://hca.group/hca-corporate-finance,accountancy_cf,The HCA Group,Belfast,Northern Ireland
headpointadvisors-com,Headpoint Advisors,,https://www.headpointadvisors.com,independent_boutique,,Solihull,West Midlands
healthcareplusconsulting-co-uk,Healthcare Plus Consulting,,https://healthcareplusconsulting.co.uk,sector_specialist,,Coventry,West Midlands
heligangroup-com,Heligan Group,,https://heligangroup.com,independent_boutique,,Birmingham,West Midlands
helionpartners-com,Helion Partners,,https://helionpartners.com,sector_specialist,,London,London
hlca-co-uk,Henderson Loggie,,https://hlca.co.uk,accountancy_cf,,Dundee,Scotland
hsdpracticesales-co-uk,Henry Schein Dental Practice Sales,,https://hsdpracticesales.co.uk,sector_specialist,Henry Schein,Derby,East Midlands
hentons-com,Hentons,,https://www.hentons.com,accountancy_cf,,Leeds,Yorkshire and the Humber
highsteadpartners-co-uk,Highstead Partners,,https://highsteadpartners.co.uk,sector_specialist,,London,London
hillvellacott-com,Hill Vellacott,,https://hillvellacott.com,accountancy_cf,,Belfast,Northern Ireland
hiltonsmythe-com,Hilton Smythe,,https://hiltonsmythe.com,business_broker,,Manchester,North West
hinesassociates-com,Hines Associates,,https://www.hinesassociates.com,sector_specialist,,London,London
hmtllp-com,HMT,,https://www.hmtllp.com,independent_boutique,,Henley-on-Thames,South East
hnhpartners-co-uk,HNH Partners,,https://www.hnhpartners.co.uk,independent_boutique,,Belfast,Northern Ireland
hoareworth-com,Hoare Worth,,https://www.hoareworth.com,business_broker,,London,London
hornblower-businesses-co-uk,Hornblower Business Brokers,,https://hornblower-businesses.co.uk,business_broker,,London,London
hl-com,Houlihan Lokey,,https://hl.com,investment_bank,,Los Angeles,International
humberstones-co-uk,Humberstones,,https://www.humberstones.co.uk,business_broker,,Bristol,South West
huntergeeholroyd-co-uk,Hunter Gee Holroyd,,https://huntergeeholroyd.co.uk,accountancy_cf,,York,Yorkshire and the Humber
hurst-co-uk,Hurst,,https://www.hurst.co.uk,accountancy_cf,Dains,Stockport,North West
hutchings-pharmacy-sales-com,Hutchings Consultants,,https://hutchings-pharmacy-sales.com,business_broker,,High Wycombe,South East
hvs-com,HVS,,https://hvs.com,sector_specialist,,New York,International
hwfisher-co-uk,HW Fisher,,https://hwfisher.co.uk,accountancy_cf,Sumer,London,London
hybridan-com,Hybridan,,https://www.hybridan.com,investment_bank,,London,London
hyndlandpartners-com,Hyndland Partners,,https://hyndlandpartners.com,independent_boutique,,London,London
iconcorpfin-com,ICON Corporate Finance,,https://www.iconcorpfin.com,sector_specialist,,London,London
idcm-eu,IDCM,,https://idcm.eu,sector_specialist,,London,London
idealexit-com,Ideal Exit,,https://idealexit.com,business_broker,,,
imap-com,IMAP UK,,https://www.imap.com,investment_bank,IMAP,London,London
imperiumcf-com,Imperium Corporate Finance,,https://www.imperiumcf.com,independent_boutique,,Angmering,South East
improvedcf-com,IMPROVED Corporate Finance,,https://improvedcf.com,sector_specialist,,Amsterdam,International
independenceexits-co-uk,Independence Exits,,https://independenceexits.co.uk,independent_boutique,Independence Capital,,
infinitycf-co-uk,Infinity Corporate Finance,,https://infinitycf.co.uk,independent_boutique,,London,London
insightcf-com,Insight Corporate Finance,,https://www.insightcf.com,independent_boutique,,London,London
insite-ma-com,Insite M&A,,https://www.insite-ma.com,sector_specialist,,St Albans,East of England
integritasadvisory-co-uk,Integritas Advisory,,https://integritasadvisory.co.uk,independent_boutique,,London,London
intelligent-co-uk,Intelligent,,https://intelligent.co.uk,business_broker,,,
intelligentcf-co-uk,Intelligent Corporate Finance,,https://intelligentcf.co.uk,independent_boutique,,Cannock,West Midlands
interpath-com,Interpath,,https://interpath.com,accountancy_cf,,London,London
inveniam-co-uk,Inveniam Corporate Finance,,https://inveniam.co.uk,independent_boutique,,Newcastle upon Tyne,North East
inventure-uk,Inventure,,https://inventure.uk,sector_specialist,,London,London
investec-com,Investec,,https://www.investec.com,investment_bank,,London,London
iscaventures-co-uk,Isca Ventures,,https://iscaventures.co.uk,independent_boutique,,Exeter,South West
jamescowperkreston-co-uk,James Cowper Kreston,,https://www.jamescowperkreston.co.uk,accountancy_cf,Kreston Global,Reading,South East
jamiesoncf-com,Jamieson Corporate Finance,,https://jamiesoncf.com,independent_boutique,,London,London
jefferies-com,Jefferies,,https://www.jefferies.com,investment_bank,,New York,International
jl-co-com,JEGI LEONIS,,https://jl-co.com,sector_specialist,,New York,International
jerroms-co-uk,Jerroms,,https://www.jerroms.co.uk,accountancy_cf,Sumer,Solihull,West Midlands
johnstoncarmichael-com,Johnston Carmichael,,https://johnstoncarmichael.com,accountancy_cf,Moore Global,Aberdeen,Scotland
jonathanfagan-co-uk,Jonathan Fagan Business Brokers,,https://jonathanfagan.co.uk,business_broker,,London,London
jwraccountants-co-uk,JWR Accountants,,https://jwraccountants.co.uk,accountancy_cf,,Portsmouth,South East
k3dealadvisory-com,K3 Deal Advisory,,https://k3dealadvisory.com,independent_boutique,K3 Advisory Group,London,London
kbscorporate-com,KBS Corporate,,https://www.kbscorporate.com,business_broker,K3 Advisory Group,Bolton,North West
keenancf-com,Keenan CF,,https://www.keenancf.com,independent_boutique,,Belfast,Northern Ireland
keystonecf-com,Keystone Partners,,https://keystonecf.com,independent_boutique,,Birmingham,West Midlands
kinetixcf-com,Kinetix Corporate Finance,,https://www.kinetixcf.com,sector_specialist,,Oxford,South East
kingscott-dix-co-uk,Kingscott Dix,,https://kingscott-dix.co.uk,accountancy_cf,,Gloucester,South West
kingsmanpartners-com,Kingsman Partners,,https://kingsmanpartners.com,sector_specialist,,London,London
kingsworth-co-uk,Kingsworth Corporate Finance,,https://www.kingsworth.co.uk,independent_boutique,,Henley-on-Thames,South East
kinmontadvisory-co-uk,Kinmont,,https://www.kinmontadvisory.co.uk,independent_boutique,,London,London
kirkrice-co-uk,Kirk Rice,,https://www.kirkrice.co.uk,accountancy_cf,,Ascot,South East
kiteadvisory-com,Kite Advisory,,https://www.kiteadvisory.com,sector_specialist,,Benfleet,East of England
klvcorporatefinance-com,KLV Corporate Finance,,https://klvcorporatefinance.com,independent_boutique,,,
knightcf-com,Knight Corporate Finance,,https://knightcf.com,sector_specialist,K3 Advisory Group,Manchester,North West
knightslowe-co-uk,Knights Lowe,,https://www.knightslowe.co.uk,accountancy_cf,,Bury St Edmunds,East of England
knightsbridgeplc-com,Knightsbridge Business Sales,,https://www.knightsbridgeplc.com,business_broker,K3 Advisory Group,Bolton,North West
knightstonehealthcare-com,Knightstone Healthcare,,https://knightstonehealthcare.com,business_broker,,,
kpmg-com,KPMG,,https://kpmg.com/uk/en.html,big4,,London,London
krestonreeves-com,Kreston Reeves,,https://www.krestonreeves.com,accountancy_cf,Kreston Global,London,London
kroll-com,Kroll,,https://www.kroll.com/en,investment_bank,Kroll,London,London
lambert-chapman-co-uk,Lambert Chapman,,https://www.lambert-chapman.co.uk,accountancy_cf,,Braintree,East of England
lamontjohnson-com,Lamont Johnson,,https://www.lamontjohnson.com,business_broker,,,
langricks-com,Langricks (Navig8 Advisory),Navig8 Advisory; Navig8,https://www.langricks.com,accountancy_cf,,Wilmslow,North West
larking-gowen-co-uk,Larking Gowen,,https://www.larking-gowen.co.uk,accountancy_cf,,Norwich,East of England
lavaadvisory-com,LAVA Advisory Partners,,https://www.lavaadvisory.com,independent_boutique,,London,London
lawmergers-co-uk,Law Mergers & Acquisitions,,https://www.lawmergers.co.uk,sector_specialist,,London,London
lazard-com,Lazard,,https://www.lazard.com,investment_bank,,New York,International
lecalecf-com,Lecale CF,,https://lecalecf.com,independent_boutique,,Belfast,Northern Ireland
leesaccountants-co-uk,LEES Accountants,,https://leesaccountants.co.uk,accountancy_cf,,Norwich,East of England
leithma-co-uk,Leith Mergers & Acquisitions,,https://leithma.co.uk,independent_boutique,,Dorking,South East
leonardcurtis-co-uk,Leonard Curtis,,https://www.leonardcurtis.co.uk,accountancy_cf,,Manchester,North West
lernerassociates-com,Lerner Associates,,https://lernerassociates.com,sector_specialist,,,London
leylandcapital-co-uk,Leyland Capital,,https://leylandcapital.co.uk,independent_boutique,,,
liberty-cf-com,Liberty Corporate Finance,,https://www.liberty-cf.com,sector_specialist,,London,London
dentalpracticesales-co-uk,Lily Head Dental Practice Sales,,https://www.dentalpracticesales.co.uk,business_broker,,Leamington Spa,West Midlands
lincolninternational-com,Lincoln International,,https://www.lincolninternational.com,investment_bank,,Chicago,International
linkstoneadvisory-com,Link Stone Advisory,,https://linkstoneadvisory.com,accountancy_cf,,Bath,South West
lba-info-co-uk,Linsey Bissell Associates,,https://www.lba-info.co.uk,sector_specialist,,,
liontree-com,LionTree,,https://liontree.com,sector_specialist,,New York,International
lithgow-perkins-co-uk,Lithgow Perkins,,https://www.lithgow-perkins.co.uk,accountancy_cf,,Harrogate,Yorkshire and the Humber
livingstonepartners-com,Livingstone Partners,,https://livingstonepartners.com,investment_bank,,London,London
ldcf-co-uk,LockDutton Corporate Finance,,https://ldcf.co.uk,independent_boutique,,Guildford,South East
logros-co-uk,Logros Advisory Partners,,https://www.logros.co.uk,independent_boutique,,Wilmslow,North West
longspur-com,Longspur Capital,,https://longspur.com,sector_specialist,,Edinburgh,Scotland
lovewell-blake-co-uk,Lovewell Blake,,https://www.lovewell-blake.co.uk,accountancy_cf,,Norwich,East of England
lubbockfine-co-uk,Lubbock Fine,,https://www.lubbockfine.co.uk,accountancy_cf,Russell Bedford International,London,London
lucasweston-com,Lucas & Weston,,https://www.lucasweston.com,business_broker,,Bath,South West
luminacf-com,Lumina Corporate Finance,,https://www.luminacf.com,sector_specialist,,London,London
mandaadvisory-com,M&A Advisory,,https://www.mandaadvisory.com,sector_specialist,,London,London
mapartners-co-uk,M+A Partners,,https://www.mapartners.co.uk,accountancy_cf,,Norwich,East of England
maneelymccann-ie,Maneely McCann,,https://www.maneelymccann.ie,accountancy_cf,,Belfast,Northern Ireland
marathoncapital-com,Marathon Capital,,https://marathoncapital.com,sector_specialist,,Chicago,International
marktlink-com,Marktlink,,https://www.marktlink.com/uk,independent_boutique,Marktlink,Hengelo,International
marlboroughpartners-com,Marlborough Partners,,https://www.marlboroughpartners.com,debt_advisory,,London,London
marshberry-com-eu,MarshBerry,,https://www.marshberry.com/eu,sector_specialist,,Cleveland,International
mayfieldmerger-com,Mayfield Merger Strategies,,https://www.mayfieldmerger.com,sector_specialist,,London,London
mfw-co-uk,McCabe Ford Williams (MFW),,https://www.mfw.co.uk,accountancy_cf,,Maidstone,South East
mcfcorpfin-com,MCF Corporate Finance,,https://www.mcfcorpfin.com,independent_boutique,,Hamburg,International
mdh-me-uk,MDH,,https://www.mdh.me.uk,accountancy_cf,,Croydon,London
menzies-co-uk,Menzies,,https://www.menzies.co.uk,accountancy_cf,HLB International,London,London
mercerhole-co-uk,Mercer & Hole,,https://www.mercerhole.co.uk,accountancy_cf,,St Albans,East of England
mergers-co-uk,Mergers.co.uk,,https://mergers.co.uk,business_broker,,Woking,South East
meridiancf-com,Meridian Corporate Finance,,https://www.meridiancf.com,independent_boutique,,Southampton,South East
merlincf-com,Merlin Corporate Finance,,https://www.merlincf.com,independent_boutique,,Nottingham,East Midlands
metacorporatefinance-co-uk,Meta Corporate Finance,META Corporate Finance,https://www.metacorporatefinance.co.uk,independent_boutique,,Aylesford,South East
mha-co-uk,MHA,,https://www.mha.co.uk,accountancy_cf,Baker Tilly International,London,London
milestoneadvisory-co-uk,Milestone Advisory,,https://milestoneadvisory.co.uk,sector_specialist,,London,London
milstedlangdon-co-uk,Milsted Langdon (Harbourside Corporate Finance),,https://www.milstedlangdon.co.uk,accountancy_cf,,Bristol,South West
mitchellcharlesworth-co-uk,Mitchell Charlesworth,,https://www.mitchellcharlesworth.co.uk,accountancy_cf,,Liverpool,North West
moelis-com,Moelis & Company,,https://www.moelis.com,investment_bank,,New York,International
momentumcf-com,Momentum Corporate Finance,,https://momentumcf.com,independent_boutique,,Bristol,South West
monahans-co-uk,Monahans,,https://monahans.co.uk,accountancy_cf,Sumer,Bath,South West
montanecare-co-uk,Montane Care,,https://montanecare.co.uk,business_broker,Montane Group,,
mooreks-co-uk,Moore Kingston Smith,,https://mooreks.co.uk,accountancy_cf,Moore Global,London,London
moore-ni-co-uk,Moore NI,,https://www.moore-ni.co.uk,accountancy_cf,Moore Global,Belfast,Northern Ireland
moorgate-capital-com,Moorgate Capital,,http://www.moorgate-capital.com,independent_boutique,,London,London
morphose-co-uk,Morphose Capital Partners,,https://www.morphose.co.uk,independent_boutique,,London,London
morrisandyoung-co-uk,Morris & Young,,https://www.morrisandyoung.co.uk,accountancy_cf,,Perth,Scotland
mortonchristie-co-uk,Morton Christie,,https://www.mortonchristie.co.uk,business_broker,,Coventry,West Midlands
motionadvisorypartners-com,Motion Advisory Partners,,https://www.motionadvisorypartners.com,sector_specialist,,London,London
mbj-co-uk,Muras Baker Jones,,https://www.mbj.co.uk,accountancy_cf,,Wolverhampton,West Midlands
myerslaroche-co-uk,Myers La Roche,,https://myerslaroche.co.uk,business_broker,,Altrincham,North West
newcapsolutions-com,Newbrook Capital Solutions,,https://newcapsolutions.com,debt_advisory,,London,London
ngacare-co-uk,NGA Care,,https://www.ngacare.co.uk,sector_specialist,,Leicester,East Midlands
nicholsonscharteredaccountants-co-uk,Nicholsons,,https://www.nicholsonscharteredaccountants.co.uk,accountancy_cf,,Lincoln,East Midlands
nicklin-com,Nicklin,,https://www.nicklin.com,accountancy_cf,,Halesowen,West Midlands
nine58-com,NINE58,,https://www.nine58.com,independent_boutique,,London,London
nobleandcompany-com,Noble & Co,,https://nobleandcompany.com,independent_boutique,,Edinburgh,Scotland
novistra-com,Novistra Capital,,https://novistra.com,sector_specialist,,London,London
novitasftcl-com,NovitasFTCL,,https://www.novitasftcl.com,sector_specialist,,London,London
nurserysales-co-uk,NurserySales.co.uk (Oakhurst Corporate),,https://nurserysales.co.uk,business_broker,,Winchester,South East
oakmeadfinance-com,Oakmead Finance,,https://oakmeadfinance.com,debt_advisory,,,
oakvalecapital-com,Oakvale Capital,,https://oakvalecapital.com,sector_specialist,,London,London
oasiseurope-com,Oasis Europe,,https://oasiseurope.com,independent_boutique,,Reading,South East
oberoninvestments-com,Oberon Capital,Oberon Investments,https://oberoninvestments.com,investment_bank,Oberon Investments Group,London,London
oghmapartners-com,Oghma Partners,,https://oghmapartners.com,sector_specialist,,London,London
om-uk,Old Mill,,https://om.uk,accountancy_cf,,Yeovil,South West
ondra-com,Ondra Partners,,https://www.ondra.com,independent_boutique,,London,London
onetoonecf-com-ctgb,ONEtoONE UK,,https://www.onetoonecf.com/ctgb/,independent_boutique,ONEtoONE Corporate Finance (global network),Birmingham,West Midlands
optimacf-com,Optima Corporate Finance,,https://www.optimacf.com,sector_specialist,,London,London
optivasecurities-com,Optiva Securities,,https://optivasecurities.com,investment_bank,,London,London
opusllp-com,Opus Advisory Group (Opus Deal Advisors),,https://opusllp.com,accountancy_cf,,London,London
opuscf-com,Opus Corporate Finance,,https://opuscf.com,sector_specialist,,London,London
ovationcf-com,Ovation Corporate Finance,,https://ovationcf.com,sector_specialist,,London,London
owenfroebel-co-uk,Owen Froebel,,https://owenfroebel.co.uk,business_broker,,Coventry,West Midlands
palmstone-capital-com,Palmstone Capital,,https://www.palmstone-capital.com,debt_advisory,Palmstone Group,London,London
panmureliberum-com,Panmure Liberum,,https://www.panmureliberum.com,investment_bank,,London,London
ppcf-co-uk,Park Place Corporate Finance,,https://www.ppcf.co.uk,independent_boutique,,Leeds,Yorkshire and the Humber
parkhillcf-com,ParkHill Corporate Finance,,https://www.parkhillcf.com,independent_boutique,,Wetherby,Yorkshire and the Humber
parsons-co-uk,Parsons,,https://parsons.co.uk,accountancy_cf,,Wakefield,Yorkshire and the Humber
pcbpartners-co-uk,PCB Partners,,https://www.pcbpartners.co.uk,sector_specialist,,London,London
peelhunt-com,Peel Hunt,,https://www.peelhunt.com,investment_bank,,London,London
pemcf-com,PEM Corporate Finance,,https://www.pemcf.com,accountancy_cf,PEM,Cambridge,East of England
pwpartners-com,Perella Weinberg Partners,,https://pwpartners.com,investment_bank,,New York,International
pfmdental-co-uk,PFM Dental,,https://www.pfmdental.co.uk,business_broker,,York,Yorkshire and the Humber
pharmacysalesuk-com,Pharmacy Sales UK,,https://www.pharmacysalesuk.com,sector_specialist,,Tranent,Scotland
pharmaventures-com,PharmaVentures,,https://www.pharmaventures.com,sector_specialist,,Oxford,South East
pierce-co-uk,Pierce,,https://www.pierce.co.uk,accountancy_cf,,Blackburn,North West
pipersandler-com-consumer-european-consumer-investment-banking,"Piper Sandler (European Consumer, ex-Stamford Partners)",,https://pipersandler.com/consumer/european-consumer-investment-banking,investment_bank,Piper Sandler,London,London
pjtpartners-com,PJT Partners,,https://www.pjtpartners.com,investment_bank,,New York,International
pkf-francisclark-co-uk,PKF Francis Clark,,https://pkf-francisclark.co.uk,accountancy_cf,PKF International,Exeter,South West
pkf-l-com,PKF Littlejohn,,https://www.pkf-l.com,accountancy_cf,PKF International,London,London
pkfsmithcooper-com,PKF Smith Cooper,,https://www.pkfsmithcooper.com,accountancy_cf,PKF International,Derby,East Midlands
pmm-co-uk,PM+M,,https://www.pmm.co.uk,accountancy_cf,,Blackburn,North West
polestarcf-com,Polestar CF,,https://polestarcf.com,independent_boutique,,Guildford,South East
power-accountants-co-uk,Power Accountants,,https://www.power-accountants.co.uk,accountancy_cf,,Chester,North West
practicesales-co-uk,Practice Sales,,https://www.practicesales.co.uk,business_broker,,Harrogate,Yorkshire and the Humber
premiercf-co-uk,Premier Corporate Finance,,https://premiercf.co.uk,sector_specialist,,London,London
pricebailey-co-uk,Price Bailey,,https://www.pricebailey.co.uk,accountancy_cf,,Bishop's Stortford,East of England
princelet-com,Princelet Partners,,https://www.princelet.com,sector_specialist,,London,London
prismcorporatebroking-com,Prism Corporate Broking,,https://www.prismcorporatebroking.com,sector_specialist,,Newmarket,East of England
provantagecf-com,Provantage,,https://provantagecf.com,independent_boutique,,Nottingham,East Midlands
pura-advisory-com,Pura Advisory,,https://www.pura-advisory.com,independent_boutique,,London,London
pwc-co-uk,PwC,,https://www.pwc.co.uk,big4,,London,London
qatalyst-com,Qatalyst Partners,,https://qatalyst.com,sector_specialist,,San Francisco,International
qmpf-co-uk,QMPF,,https://www.qmpf.co.uk,sector_specialist,,Edinburgh,Scotland
quantify-advisors-co-uk,Quantify Advisors,,https://quantify-advisors.co.uk,independent_boutique,,Aberdeen,Scotland
quantuma-com,Quantuma,,https://www.quantuma.com,accountancy_cf,K3 Advisory Group,London,London
quercuscf-co-uk,Quercus International,,https://www.quercuscf.co.uk,independent_boutique,,London,London
questcorporate-com,Quest Corporate,,https://www.questcorporate.com,independent_boutique,,Edinburgh,Scotland
radiuscf-com,Radius Corporate Finance,,https://radiuscf.com,independent_boutique,,Belfast,Northern Ireland
randall-payne-co-uk,Randall & Payne,,https://www.randall-payne.co.uk,accountancy_cf,,Cheltenham,South West
ravengroup-global,Raven Group,,https://www.ravengroup.global,investment_bank,,Belfast,Northern Ireland
ravenpartners-com,Raven Partners,,https://ravenpartners.com,sector_specialist,,London,London
raymondjames-uk-com,Raymond James,,https://www.raymondjames.uk.com,investment_bank,,"St. Petersburg, Florida",International
recruitmentmergers-com,Recruitment Mergers,,https://recruitmentmergers.com,sector_specialist,,Bristol,South West
redwoodsdk-com,Redwoods Dowling Kerr,,https://redwoodsdk.com,business_broker,Altius Group,Preston,North West
resolution-partners-co-uk,Resolution Partners,,https://resolution-partners.co.uk,sector_specialist,,London,London
restoration-partners-com,Restoration Partners,,https://www.restoration-partners.com,sector_specialist,,London,London
richmondcapitalpartners-com,Richmond Capital Partners,,https://richmondcapitalpartners.com,sector_specialist,,London,London
rickardluckin-co-uk,Rickard Luckin (Attain Corporate Finance),,https://rickardluckin.co.uk,accountancy_cf,,Chelmsford,East of England
rickittmitchell-com,Rickitt Mitchell,,https://www.rickittmitchell.com,independent_boutique,,Manchester,North West
rivertimecf-co-uk,Rivertime Corporate Finance,,https://www.rivertimecf.co.uk,independent_boutique,,Wigan,North West
r-m-t-co-uk,RMT Accountants & Business Advisors,,https://r-m-t.co.uk,accountancy_cf,Sumer Group,Newcastle upon Tyne,North East
robson-laidler-co-uk,Robson Laidler,,https://www.robson-laidler.co.uk,accountancy_cf,,Newcastle upon Tyne,North East
rockworth-co-uk,Rockworth,,https://www.rockworth.co.uk,independent_boutique,,Oxford,South East
rothschildandco-com,Rothschild & Co,,https://www.rothschildandco.com,investment_bank,,Paris,International
royalparkpartners-com,Royal Park Partners,,https://www.royalparkpartners.com,sector_specialist,,London,London
roydene-com,Roydene Partners,,https://www.roydene.com,independent_boutique,,London,London
rpg-co-uk,RPG Chartered Accountants,,https://rpg.co.uk,accountancy_cf,,Manchester,North West
rpgcrouchchapman-co-uk,RPGCC (RPG Crouch Chapman),,https://www.rpgcrouchchapman.co.uk,accountancy_cf,,London,London
rplmergers-com,RPL Mergers,,https://rplmergers.com,sector_specialist,,London,London
rsmuk-com,RSM,,https://www.rsmuk.com,accountancy_cf,RSM International,London,London
rubicon-org-uk,Rubicon,,https://www.rubicon.org.uk,accountancy_cf,,Durham,North East
rvecf-com,RVE Corporate Finance,,https://www.rvecf.com,independent_boutique,,Watford,East of England
ryecroftglenton-com,Ryecroft Glenton,,https://ryecroftglenton.com,accountancy_cf,,Newcastle,North East
sw-co-uk,S&W,,https://www.sw.co.uk,accountancy_cf,,London,London
saffery-com,Saffery,,https://www.saffery.com,accountancy_cf,,London,London
saint-co-uk,Saint & Co,,https://www.saint.co.uk,accountancy_cf,,Carlisle,North West
sapiencap-com,Sapien Capital,,https://www.sapiencap.com,independent_boutique,,London,London
sapientcf-com,Sapient Corporate Finance,,https://www.sapientcf.com,sector_specialist,,London,London
scottishbusinesscentre-com,Scottish Business Centre,,https://scottishbusinesscentre.com,business_broker,,Edinburgh,Scotland
scruttonbland-co-uk,Scrutton Bland,,https://www.scruttonbland.co.uk,accountancy_cf,Sumer Group,Ipswich,East of England
sedulo-co-uk,Sedulo,,https://sedulo.co.uk,accountancy_cf,,Manchester,North West
sellingmybusiness-co-uk,Selling My Business,,https://www.sellingmybusiness.co.uk,business_broker,,Leeds,Yorkshire and the Humber
senecapartners-co-uk,Seneca Partners,,https://senecapartners.co.uk,independent_boutique,,Preston,North West
sentiopartners-co-uk,Sentio Partners,,https://sentiopartners.co.uk,independent_boutique,,Leeds,Yorkshire and the Humber
sequenceadvisers-co-uk,Sequence Advisers,,https://sequenceadvisers.co.uk,sector_specialist,,London,London
shardcapital-com,Shard Capital,,https://www.shardcapital.com,investment_bank,,London,London
shawcorporatefinance-com,Shaw & Co,,https://www.shawcorporatefinance.com,independent_boutique,,Bristol,South West
shawgibbs-com,Shaw Gibbs,,https://www.shawgibbs.com,accountancy_cf,,Oxford,South East
shorecap-co-uk,Shore Capital,,https://www.shorecap.co.uk,investment_bank,,London,London
shorts-uk-com,Shorts,,https://www.shorts.uk.com,accountancy_cf,,Sheffield,Yorkshire and the Humber
siglobal-com,SI Global,,https://www.siglobal.com,sector_specialist,,London,London
sidneyphillips-co-uk,Sidney Phillips,,https://www.sidneyphillips.co.uk,sector_specialist,,Hereford,West Midlands
signiacorporatefinance-co-uk,Signia Corporate Finance,,https://www.signiacorporatefinance.co.uk,independent_boutique,,Alderley Edge,North West
simpkinsedwards-co-uk,Simpkins Edwards,,https://www.simpkinsedwards.co.uk,accountancy_cf,,Exeter,South West
singercm-com,Singer Capital Markets,,https://www.singercm.com,investment_bank,,London,London
skyecf-co-uk,Skye Corporate Finance,,https://www.skyecf.co.uk,independent_boutique,,Nottingham,East Midlands
smailesgoldie-co-uk,Smailes Goldie,,https://www.smailesgoldie.co.uk,accountancy_cf,,Hull,Yorkshire and the Humber
smefp-co-uk,SME Finance Partners,,https://www.smefp.co.uk,independent_boutique,,Llantrisant,Wales
smh-group,SMH Group,,https://smh.group,accountancy_cf,,Sheffield,Yorkshire and the Humber
smithsquarepartners-com,Smith Square Partners,,https://smithsquarepartners.com,independent_boutique,,London,London
sobellrhodes-co-uk,Sobell Rhodes,,https://sobellrhodes.co.uk,accountancy_cf,,London,London
soloncorporate-com,Solon Corporate Finance,,https://soloncorporate.com,debt_advisory,,London,London
sovereignbt-co-uk,Sovereign Business Transfer,,https://www.sovereignbt.co.uk,business_broker,,Cheadle,North West
spangel-co-uk,SP Angel,,https://www.spangel.co.uk,investment_bank,,London,London
sparkadvisorypartners-com,SPARK Advisory Partners,,https://www.sparkadvisorypartners.com,investment_bank,,London,London
spaynelindsay-com,Spayne Lindsay & Co,,https://www.spaynelindsay.com,sector_specialist,,London,London
spencerhousepartners-com,Spencer House Partners,,https://www.spencerhousepartners.com,sector_specialist,,London,London
spinnaker-cf-co-uk,Spinnaker Corporate Finance,,https://spinnaker-cf.co.uk,independent_boutique,,Macclesfield,North West
srcadvisory-com,SRC Advisory,,https://www.srcadvisory.com,accountancy_cf,,Brighton,South East
steenassociates-com,Steen Associates,,https://www.steenassociates.com,sector_specialist,,London,London
stephen-page-co-uk,Stephen Page & Partners,,https://www.stephen-page.co.uk,business_broker,,Devon,South West
sterlingcf-com,Sterling Corporate Finance,,https://sterlingcf.com,independent_boutique,,Newbury,South East
stifel-com,Stifel,,https://www.stifel.com,investment_bank,,St. Louis,International
stjadvisors-com,STJ Advisors,,https://www.stjadvisors.com,investment_bank,,London,London
strandhanson-co-uk,Strand Hanson,,https://www.strandhanson.co.uk,investment_bank,,London,London
strategic-business-exits-com,Strategic Business Exits,,https://www.strategic-business-exits.com,independent_boutique,,,West Midlands
strategiccorporatefinance-co-uk,Strategic Corporate Finance,,https://www.strategiccorporatefinance.co.uk,independent_boutique,,Sheffield,Yorkshire and the Humber
streets-uk,Streets,,https://www.streets.uk,accountancy_cf,,Lincoln,East Midlands
successcf-com,Succession Corporate Finance,,https://www.successcf.com,independent_boutique,,London,London
sumer-co-uk,Sumer,,https://www.sumer.co.uk,accountancy_cf,,Belfast,Northern Ireland
sumerni-co-uk,Sumer NI,,https://sumerni.co.uk,accountancy_cf,Sumer Group,Belfast,Northern Ireland
swanbusinessbrokers-co-uk,Swan Business Brokers,,https://www.swanbusinessbrokers.co.uk,business_broker,,Nottingham,East Midlands
symmetrycf-net,Symmetry Corporate Finance,,https://www.symmetrycf.net,sector_specialist,,Basingstoke,South East
tamesispartners-com,Tamesis Partners,,https://www.tamesispartners.com,sector_specialist,,London,London
tatsupartners-com,Tatsu Partners,,https://tatsupartners.com,debt_advisory,,London,London
tc-group-com,TC Group,,https://www.tc-group.com,accountancy_cf,,Leeds,Yorkshire and the Humber
tennysonsecurities-co-uk,Tennyson Securities,,https://www.tennysonsecurities.co.uk,investment_bank,Shard Capital Partners LLP,London,London
tgadvisory-co-uk,TG Advisory,,https://tgadvisory.co.uk,sector_specialist,,Bristol,South West
thglobalcapital-com,TH Global Capital,,https://thglobalcapital.com,sector_specialist,,London,London
thedentalbrokers-co-uk,The Dental Brokers,,https://thedentalbrokers.co.uk,sector_specialist,,,
thevba-com,The Veterinary Business Agency (The VBA),,https://thevba.com,business_broker,,Corbridge,North East
thomas-scott-co-uk,Thomas Scott & Co,,https://www.thomas-scott.co.uk,independent_boutique,,Crawley,South East
thomsoncooper-com,Thomson Cooper,,https://www.thomsoncooper.com,accountancy_cf,,Edinburgh,Scotland
thorntonspringer-co-uk,Thornton Springer,,https://www.thorntonspringer.co.uk,accountancy_cf,,London,London
t-i-g-co-uk,TIG Corporate Finance,,https://www.t-i-g.co.uk,accountancy_cf,TIG Group,Gateshead,North East
torchpartners-com,Torch Partners,,https://www.torchpartners.com,sector_specialist,,London,London
torgersens-com,Torgersens,,https://www.torgersens.com,accountancy_cf,,Sunderland,North East
transcendcorporate-com,Transcend Corporate,,https://transcendcorporate.com,independent_boutique,,Birmingham,West Midlands
translinkcf-com-teams-and-offices-united-kingdom,Translink Corporate Finance UK,,https://translinkcf.com/teams-and-offices/united-kingdom,independent_boutique,Translink Corporate Finance,Leicester,East Midlands
traveltradeconsultancy-co-uk,Travel Trade Consultancy,,https://traveltradeconsultancy.co.uk,sector_specialist,,London,London
treehillpartners-com,Treehill Partners,,https://treehillpartners.com,sector_specialist,,London,London
turaadvisory-com,Tura Advisory,,https://www.turaadvisory.com,sector_specialist,,London,London
turnerpope-com,Turner Pope Investments,,https://www.turnerpope.com,investment_bank,,London,London
turquoise-eu,Turquoise International,,https://turquoise.eu,sector_specialist,,London,London
twpaccounting-co-uk,TWP Accounting,,https://www.twpaccounting.co.uk,accountancy_cf,,Weybridge,South East
uhy-uk-com,UHY Hacker Young,,https://www.uhy-uk.com,accountancy_cf,UHY International,London,London
unifycf-com,Unify Corporate Finance,,https://www.unifycf.com,independent_boutique,,Bristol,South West
unity-advisory-com,Unity Advisory,,https://unity-advisory.com,accountancy_cf,,London,London
unw-co-uk,UNW,,https://unw.co.uk,accountancy_cf,,Newcastle upon Tyne,North East
uscita-co-uk,Uscita Solutions,,https://www.uscita.co.uk,business_broker,,Northwich,North West
vamosbusiness-com,VAMOS M&A Advisory,,https://www.vamosbusiness.com,business_broker,,Chelmsford,East of England
venturecorporatefinance-co-uk,Venture Corporate Finance,,https://venturecorporatefinance.co.uk,sector_specialist,,London,London
verdierandco-com,Verdier & Co,,https://www.verdierandco.com,sector_specialist,,London,London
vetdynamics-co-uk,Vet Dynamics,,https://vetdynamics.co.uk,sector_specialist,,,
viridiancf-co-uk,Viridian Corporate Finance,,https://www.viridiancf.co.uk,independent_boutique,,Reigate,South East
viviansram-co-uk,Vivian Sram,,https://viviansram.co.uk,business_broker,,,
vsacapital-com,VSA Capital,,https://www.vsacapital.com,investment_bank,,London,London
walterdawson-co-uk,Walter Dawson & Son (WDS),,https://www.walterdawson.co.uk,accountancy_cf,,Bradford,Yorkshire and the Humber
watersheds-ltd-uk,Watersheds,,https://www.watersheds.ltd.uk,independent_boutique,,Northampton,East Midlands
waypointpartners-co-uk,Waypoint Partners,,https://www.waypointpartners.co.uk,sector_specialist,,London,London
wbg-co-uk,Wbg (Wylie & Bisset),,https://wbg.co.uk,accountancy_cf,,Glasgow,Scotland
webbandco-co-uk,Webb and Co,,https://webbandco.co.uk,accountancy_cf,,Belfast,Northern Ireland
wesellopticians-co-uk,WeSellOpticians,,https://wesellopticians.co.uk,sector_specialist,,London,London
westhillcapital-co-uk,West Hill Corporate Finance,,https://westhillcapital.co.uk,sector_specialist,West Hill Capital,London,London
westcotts-uk,Westcotts,,https://westcotts.uk,accountancy_cf,PrimeGlobal (network member),Exeter,South West
westgateadvisers-com,Westgate Advisers,,https://www.westgateadvisers.com,independent_boutique,,,South East
wgpartners-co-uk,WG Partners,,https://wgpartners.co.uk,sector_specialist,,London,London
whirelandplc-com,WH Ireland,,https://www.whirelandplc.com,investment_bank,,London,London
wheawill-co-uk,Wheawill & Sudworth,,https://www.wheawill.co.uk,accountancy_cf,,Huddersfield,Yorkshire and the Humber
whitehartassociates-com,WhiteHart Associates,,https://whitehartassociates.com,accountancy_cf,,Richmond,London
whitingsllp-co-uk,Whitings,,https://whitingsllp.co.uk,accountancy_cf,,Wisbech,East of England
whitleystimpson-co-uk,Whitley Stimpson,,https://www.whitleystimpson.co.uk,accountancy_cf,,Banbury,South East
wildercoe-co-uk,Wilder Coe,,https://www.wildercoe.co.uk,accountancy_cf,,London,London
williamblair-com,William Blair,,https://www.williamblair.com,investment_bank,,Chicago,International
wilson-partners-co-uk,Wilson Partners,,https://www.wilson-partners.co.uk,accountancy_cf,,Maidenhead,South East
wrightvigar-co-uk,Wright Vigar,,https://www.wrightvigar.co.uk,accountancy_cf,,Lincoln,East Midlands
wypartners-com,WY Partners,,https://wypartners.com,sector_specialist,,London,London
wyvernpartners-com,Wyvern Partners,,https://wyvernpartners.com,independent_boutique,,London,London
xeinadin-com,Xeinadin,,https://www.xeinadin.com,accountancy_cf,,London,London
zaouico-com,Zaoui & Co,,https://www.zaouico.com,investment_bank,,London,London
zeuscapital-co-uk,Zeus,,https://zeuscapital.co.uk,investment_bank,,London,London
