0	0	watkinscom.com	000 http://watkinscom.com/	
0	0	intelligentbusinessales.co.uk	000 http://intelligentbusinessales.co.uk/	
0	0	matthewphillipssurveyors.com	000 http://matthewphillipssurveyors.com/	
0	0	scotherandco.co.uk	000 http://scotherandco.co.uk/	
0	0	clifford-lax.co.uk	200 http://clifford-lax.co.uk/	Domain parking page
0	0	cooperandtanner.co.uk	403 http://www.cooperandtanner.co.uk/	Just a moment...
25	0	andersonmoore.co.uk	200 http://www.andersonmoore.co.uk/	businesses for sale and company valuations
0	0	warecommercial.com	403 https://warecommercial.com/	Just a moment...
0	0	hallsgb.com	000 http://hallsgb.com/	
0	0	btcint.com	000 http://btcint.com/	
0	0	restaurantpropertysellers.com	202 https://restaurantpropertysellers.com/	
0	0	centralbusienssagency.com	000 http://centralbusienssagency.com/	
0	0	charlesdarrow.co.uk	404 http://charlesdarrow.co.uk/	Not Found
0	0	bradleys-estate-agents.co.uk	403 http://www.bradleys-estate-agents.co.uk/	Just a moment...
0	0	outsourcein.co.uk	000 http://outsourcein.co.uk/	
0	11	webberscommercial.co.uk	200 https://www.webbers.co.uk/commercial/	Commercial Property in Cornwall, Devon &amp; Somerset  | Webbers
0	1	agencyexpress.co.uk	200 https://www.agencyexpress.co.uk/	Welcome to Agency Express  - Agency Express
1	8	kaysestates.co.uk	200 https://kaysestates.co.uk/	Commercial Estate Agents in Blackpool & Fylde Coast | Kays Estates
0	9	uniqueestateagency.co.uk	200 https://uniqueestateagency.co.uk/	Welcome to Unique Sales & Lettings - Unique Estate Agency
0	4	shepherdneame.co.uk	200 https://www.shepherdneame.co.uk/	Home | Shepherd Neame
18	0	firstpeninsulamarine.co.uk	200 https://www.firstpeninsulamarine.co.uk/	First Peninsula Marine Business Sales | Acquisition Specialists
0	6	goldenkeyagent@aol.com	200 https://www.aol.com:443/	News, Politics, Sports, Mail &amp; Latest Headlines - AOL.com
0	7	belvoirfranchisegroup.co.uk	200 https://www.thepropertyfranchisegroup.co.uk/	The Property Franchise Group | UK’s Leading Estate &amp; Lettings Franchise Netw
0	0	limelicensinggroup.co.uk	200 https://limelicensinggroup.co.uk/	Bot Verification
0	0	dreamdoors.co.uk	200 https://www.dreamdoors.co.uk:443/	New Kitchens &amp; Replacement Doors | Dream Doors UK
0	0	taxassistfranchise.co.uk	200 https://www.taxassistfranchise.co.uk/	Accountancy Franchise | TaxAssist Accountants
7	12	listers.uk.com	200 https://listers.uk.com/	Listers &#8211; Chartered Surveyors and Commercial Property Advisors
0	0	wilkinsongrant.co.uk	403 http://wilkinsongrant.co.uk/	
0	0	dafyddhardy.co.uk	403 http://www.dafyddhardy.co.uk/	Just a moment...
0	0	falconcommercial.co.uk	202 http://falconcommercial.co.uk/	
6	6	alanjpicken.co.uk	200 https://alanjpicken.co.uk/	Home - Alan J Picken | Business Transfer Agents - ALAN J PICKEN
0	0	fredbarrettandson.com	000 http://fredbarrettandson.com/	
0	18	colinellis.co.uk	200 https://www.colinellis.co.uk/	Estate Agents Scarborough - Colin Ellis Property Services
1	12	merecommercial.co.uk	200 https://merecommercial.co.uk/	Mere Commercial | Chartered Surveyors | Throughout northern England
0	0	tutordoctor.co.uk	200 https://www.tutordoctor.co.uk/	Tutoring Services | In Person and Online Tutoring | Tutor Doctor
3	0	sunaxis.co.uk	200 https://www.sunaxis.co.uk/	Sunaxis
0	5	robert-bell.org	200 https://robert-bell.org/	Robert Bell & Co | Estate Agents, Surveyors & Auctioneers
0	0	haarergoss.co.uk	403 http://haarergoss.co.uk/	DNS points to prohibited IP | haarergoss.co.uk | Cloudflare
0	8	london-properties.co.uk	200 https://www.london-properties.co.uk/	London Properties
0	0	bars-abroad.com	000 http://bars-abroad.com/	
0	1	guythomas.com	200 https://www.guythomas.com/	Guy Thomas - Pembroke's Premier Estate Agents
0	0	celtrowlands.co.uk	200 http://celtrowlands.co.uk/	celtrowlands.co.uk
0	0	foxgrant.com	403 http://www.foxgrant.com/	Just a moment...
0	1	mkrproperty.co.uk	200 https://www.mkrproperty.co.uk/	MKR Property Restaurant Agents and Bar Agents in London - MKR Property
0	0	jealousi.co.uk	200 https://www.jealousi-salons.com/index.asp	Jealousi | Hair  Salon - Tamworth
0	25	bopproperty.co.uk	200 https://www.bopproperty.com/	Estate Agent North Devon And North Cornwall - Bond Oxborough Phillips
0	0	challengehouse.co.uk	202 http://challengehouse.co.uk/	
0	10	scillyestateagents.com	200 https://scillyestateagents.com/	Isles of Scilly Estate Agents | Established 1989
1	22	maggsandallen.co.uk	200 https://www.maggsandallen.co.uk/	Property Consultants
        in Bristol, Bath and the South West | Maggs and Al
0	0	howardjenkins.co.uk	403 https://howardjenkins.co.uk/	
3	17	sbcproperty.com	200 https://sbcproperty.com/	Commercial Property Cornwall Retail Investment Industrial Offices Business Prope
0	4	bellandcoalderney.com	200 https://bellandcoalderney.com/	Bell &amp; Co Ltd
0	0	kwuk.com	200 https://kwuk.com/	Keller Williams Estate Agents UK | Homes for Sale &amp; Free Valuations
0	5	fineandcountry.com	200 https://www.fineandcountry.com/	Fine &amp; Country | International Real Estate Agents | Fine &amp; Country
0	5	quintonedwards.co.uk	200 https://www.quintonedwards.co.uk/	Garden Centre and Horticultural Sites For Sale | Quinton Edwards
0	0	rannochproperty.co.uk	000 http://rannochproperty.co.uk/	
0	2	everards.co.uk	200 https://everards.co.uk/	Everards of Leicestershire - Home of Great Beer and Great Pubs
0	7	amosestates.com	200 https://amosestates.com/	Estate Agents in South East Essex | Amos Estates
1	4	savilleandwoods.co.uk	200 https://www.savilleandwoods.co.uk/	Saville and Woods | Business Transfer Agents
36	6	businessbrokerspain.com	200 https://businessbrokerspain.com/	Businesses For Sale In Spain | Business Broker Spain
7	21	addisons.co.uk	200 https://www.addisons.co.uk/	Home - Addisons
3	0	lovemybusinesses.com	200 https://www.lovemybusinesses.com/	Best Franchise Opportunities Online | Businesses for sale | Daltons
0	1	entrepreneurscircle.org	403 https://entrepreneurscircle.org/	Attention Required! | Cloudflare
0	14	savills.com	200 https://www.savills.com/	Savills  | Global Real Estate Services
0	0	lvp.london.com	000 http://lvp.london.com/	
0	0	falconestateagent.com	200 https://rtpfixgacor.com/	KOITOTO >> Link Alternatif Situs Slot Gacor & Slot 1000 Dengan Rtp Tinggi Hari I
0	0	lawrenceandco.uk	000 http://lawrenceandco.uk/	
0	0	manchestertrading1.co.uk	000 http://manchestertrading1.co.uk/	
0	4	imedjk.co.uk	200 https://www.imedjk.co.uk/	Landing page - IME DJK
0	0	kscostaestates.com	000 http://kscostaestates.com/	
0	0	rhrwclutton.co.uk	403 https://www.rhrwclutton.com/	Just a moment...
0	0	findit360.uk	000 http://findit360.uk/	
2	13	cclproperty.com	200 https://www.cclproperty.com/	Estate Agents in Scotland: Property Sales | CCL
0	0	ruttergreencommercial.co.uk	000 http://ruttergreencommercial.co.uk/	
0	0	cherryandcherry.co.uk	200 http://cherryandcherry.co.uk/	Site Coming Soon | Hosted by Eclipse Broadband
0	0	businessfinderspain.com	200 https://www.businessfinderspain.com/	&#x76db;&#x714c;&#x5a31;&#x4e50;&#x2d;&#x79d1;&#x6280;&#x8d4b;&#x80fd;&#x573a;&#
0	1	silkletting.co.uk	200 https://silkletting.co.uk/	Online Betting Sites Not on GamStop - Gambling Guide
0	1	eastcommercial.co.uk	200 https://www.eastcommercial.co.uk/	Commercial Property in Norfolk & Suffolk | East Commercial
0	0	robertsonsurveyors.co.uk	202 http://robertsonsurveyors.co.uk/	
0	0	davidparry.co.uk	202 http://davidparry.co.uk/	
0	0	youronlinenichebusiness.com	000 http://youronlinenichebusiness.com/	
0	0	your-internet-business-startup.co.uk	000 http://your-internet-business-startup.co.uk/	
0	0	luscombemaye.com	403 https://luscombemaye.com/	
0	7	willsons-property.co.uk	200 https://www.willsons-property.co.uk/	Chartered Surveyors & Property Professionals | Willsons Property
10	3	jsreakes.co.uk	200 https://www.jsreakes.co.uk/	Commercial Property Valuation, Business Valuation and Dispute Resolution in Bris
0	0	wwww.wadworth.co.uk	000 http://wwww.wadworth.co.uk/	
0	0	wwwwww.camlot.co.uk	000 http://wwwwww.camlot.co.uk/	
0	0	wwwgibbinsrichards.co.uk	000 http://wwwgibbinsrichards.co.uk/	
0	0	wwwnebconsulting.co.uk	000 http://wwwnebconsulting.co.uk/	
0	0	wtsestates.co.uk	000 http://wtsestates.co.uk/	
0	1	threeh.co.uk	200 https://www.threeh.co.uk/	3H Property Consultants
0	9	cphproperty.co.uk	200 https://www.cphproperty.co.uk/	Scarborough Estate Agents | Buy Sell Let Fast | CPH Property
0	11	golfsun.net	200 https://golfsun.net/	▷ Golf Sun | Estate Agents in Alicante - Costa Blanca
0	0	williscommercial.co.uk	000 http://williscommercial.co.uk/	
0	0	winfields.co.uk	200 http://winfields.co.uk/	
0	0	ybis.co.uk	200 http://ybis.co.uk/	ybis.co.uk
0	0	wellheadifa.co.uk	000 http://wellheadifa.co.uk/	
0	0	walshcomrisk.co.uk	000 http://walshcomrisk.co.uk/	
0	26	humberts.com	200 https://www.humberts.com/	Welcome to Humberts Estate Agents &#8211; Perfecting the art of estate agency si
0	13	perrybishop.co.uk	200 https://www.perrybishop.co.uk/	Estate &amp; Lettings Agents in Gloucestershire, Wiltshire &amp; Oxfordshire
0	0	wpasurveyors.com	500 http://wpasurveyors.com/	
0	0	viridianworld.com	000 http://viridianworld.com/	
0	0	virotti.co.uk	000 http://virotti.co.uk/	
0	0	woottonestateagents.co.uk	403 http://woottonestateagents.co.uk/	403 - Forbidden
0	0	vendordirectuk.com	000 http://vendordirectuk.com/	
13	0	parkerbarras.co.uk	200 https://parkerbarras.co.uk/	Home | Parker Barras
0	7	monster-moves.co.uk	200 https://www.monster-moves.co.uk/	Highlands and Islands | Property Professionals for the North of Scotland Estate 
0	0	wghproperty.co.uk	200 http://wghproperty.co.uk/	Williams Gunter Hardwick has been acquired by Carter Jona
0	0	urbanlocks.co.uk	000 http://urbanlocks.co.uk/	
0	9	westcoast-properties.co.uk	200 https://www.westcoast-properties.co.uk/	Welcome to Westcoast Properties
0	0	ultraseo.co.uk	000 http://ultraseo.co.uk/	
0	0	abands.uk.com	200 https://abands.uk.com/	ABSM Estate Agents
0	0	ultimateaccountancy.co.uk	000 http://ultimateaccountancy.co.uk/	
0	0	w-l-p.co.uk	202 http://w-l-p.co.uk/	
0	52	mailboxestates.co.uk	200 https://www.mailboxestates.co.uk/	Mailbox Estates
15	0	business-sales-spain.com	200 https://business-sales-spain.com/	Largest and Commercial Business Brokers - Profitable Businesses for sale - Buy a
0	0	villageestatesonline.co.uk	301 http://www.villageestates.org.uk/	
0	0	vailwilliams.com	403 http://www.vailwilliams.com/	Access Denied
0	0	transagents.com	200 http://transagents.com/	
0	0	truslove.co.uk	200 http://truslove.co.uk/	truslove.co.uk
0	8	walkerscottireland.com	200 https://www.walkerscottireland.com/	Walker Scott Ireland &#8211; Estate agent &#8211; Valuer &#8211; Chartered Surve
14	5	unloq.co.uk	200 https://unloq.global/	Acquire a Business With Modern Acquisition Strategies | Unloq
0	0	trainingtemple.co.uk	000 http://trainingtemple.co.uk/	
0	5	tutisestates.co.uk	200 https://tutisestates.co.uk/	Estate &amp; Letting Agents in Coventry, Foleshill &amp; Holbrooks | Tutis Estat
0	0	tvinacard.co.uk	200 https://tvinacard.co.uk/	Best UK Betting Sites Not on GamStop in 2026
0	0	tmestateagents.co.uk	000 http://tmestateagents.co.uk/	
0	20	tes-property.co.uk	200 https://www.tes-property.co.uk/	Residential & Commercial Property Agents | TES Property
0	0	zentic.co.uk	200 https://www.zentic.co.uk/	Zentic Travel &amp; Transport &#8211; Zentic Travel &amp; Transport
0	0	thisisnotarealwebsiteaddress.com	000 http://thisisnotarealwebsiteaddress.com/	
0	0	torquayrealestate.com	202 http://torquayrealestate.com/	
1	0	hospitalitybrokerspain.com	200 https://horeca-spanje.com/en/	Home - Horeca Spanje
0	0	fennel.co.uk	200 https://www.fennel.co.uk/	Fennel Chartered Surveyors - Halesworth Suffolk
0	8	traynorryan.co.uk	200 https://www.traynorryan.co.uk/	Commercial Property Agents &amp; Surveyors in Farnham, Surrey, Hampshire
0	7	thomaswillmax.co.uk	200 https://thomaswillmax.co.uk/	Home - Thomas Wilmax
0	0	theshowbizpeople.co.uk	000 http://theshowbizpeople.co.uk/	
0	0	thewrightproperty.co.uk	403 http://www.thewrightproperty.co.uk/	Just a moment...
0	0	theplusclub.co.uk	000 http://theplusclub.co.uk/	
0	0	thehomeseller.tv	000 http://thehomeseller.tv/	
0	27	verityfrearson.co.uk	200 https://www.verityfrearson.co.uk/	Home - Verity Frearson
0	0	thinkoutsidethebox.myopportunityplus.com	200 http://founder.myopportunityplus.com/page45?URL=founder.stiforptour.com&ID=1&FLASH=0&VID=2&NAME=Nauder%20Khazan&SOURCE=i-1863314	Заработайте на дому
0	0	tppuk.com	403 https://tppuk.com/	
0	0	thewebsitebrokers.co.uk	200 http://thewebsitebrokers.co.uk/	509 Bandwidth Limit Exceeded
0	1	underwoods.co.uk	200 https://underwoods.co.uk/	Home - Underwoods / Underwoods
0	11	twgaze.co.uk	200 https://www.twgaze.co.uk/	TW Gaze - The Complete Service
0	0	tarabakerhairstudio.co.uk	000 http://tarabakerhairstudio.co.uk/	
0	7	tophamlarard.co.uk	200 https://tophamlarard.co.uk/	Topham Larard Commercial - Providing comprehensive and progressive service in al
0	0	teessurveyors.co.uk	401 http://teessurveyors.co.uk/	Security Verification
0	0	sussextradewindows.co.uk	000 http://sussextradewindows.co.uk/	
0	0	sybs.co.uk	403 https://sybs.co.uk/	Just a moment...
0	0	thebusinessexchange.co	404 https://thebusinessexchange.co/	ConnectYourDomain Error | Wix.com
0	19	timbennettandassociates.co.uk	200 https://timbennettandassociates.co.uk/	Tim Bennett and Associates – Town and country estate agents based in Bath, Somer
1	22	exmoorproperty.com	200 https://www.exmoorproperty.com/	Exmoor Property
0	0	terencepainter.co.uk	200 https://www.terencepainter.co.uk/	Property Services | Broadstairs, Kent - Terence Painter Estate Agents
0	0	thescaleuphub.com	200 https://www.thescaleuphub.com/	
0	2	thegoldbullion.co.uk	200 https://www.thegoldbullion.co.uk/	Buy Gold Bullion Online Today | The Gold Bullion Company
0	0	stratfords-commercial.co.uk	200 https://www.stratfords-commercial.co.uk/	Commercial and Industrial Property experts in Andover
0	19	w-w.co.uk	200 https://www.w-w.co.uk/	Estate Agents in Salisbury | W&amp;W Estate Agents Salisbury
0	0	spilsbyestateagent.co.uk	000 http://spilsbyestateagent.co.uk/	
0	0	springbokproperties.co.uk	403 https://www.springbokproperties.co.uk/	Just a moment...
0	0	stags.co.uk	403 http://www.stags.co.uk/	Just a moment...
0	31	thorgills.com	200 https://www.gibbs-gillespie.co.uk/contact-us/our-offices/estate-agents-in-brentford	Estate and Letting Agents in Brentford | Gibbs Gillespie
0	0	spanishrealestateinvestmets.com	000 http://spanishrealestateinvestmets.com/	
0	0	southallestatescommercial.com	000 http://southallestatescommercial.com/	
0	0	spicecottagewestbourne.co.uk	200 https://spicecottagewestbourne.co.uk/	Spice Cottage Westbourne - Indian Restaurant near Emsworth
0	0	stores.ebay.co.uk	404 https://www.ebay.com/n/error	Error Page | eBay
0	2	stephenand.co.uk	200 https://www.stephenand.co.uk/	Stephen and Co. | Estate Agents in Weston-super-Mare
0	0	solihull.fineandcountry.com	000 http://solihull.fineandcountry.com/	
0	0	sowerbys.com	403 http://www.sowerbys.com/	Just a moment...
0	0	sobermeup.co.uk	000 http://sobermeup.co.uk/	
0	9	stephensons.co.uk	200 https://www.stephensons.co.uk/	Stephensons Solicitors LLP - Full Service Law Firm Stephensons Solicitors LLP
0	1	toletwigan.co.uk	200 https://www.toletwigan.co.uk/	To Let Wigan - Home
0	7	solumestates.com	200 http://solumestates.com/	Solum Estates
0	0	smart-est.co.uk	200 http://smart-est.co.uk/	Web Server's Default Page
0	0	spectraproperty.co.uk	200 https://spectraproperty.co.uk/	spectraproperty.co.uk
0	2	smartandco.co.uk	200 https://www.smartandco.co.uk/	Smart &amp; Co commercial property surveyors perth scotland
0	0	smeatons-uk.com	200 http://smeatons-uk.com/	
0	0	sibleyhonscilly.com	000 http://sibleyhonscilly.com/	
0	0	staustellbrewery.co.uk	200 https://www.staustellbrewery.co.uk/	St Austell Brewery | Brewing Great Experiences
0	0	shimlapalace.co.uk	200 http://shimlapalace.co.uk/	
0	0	simplyfit-wallasey.com	200 http://www.simplyfit-wallasey.com/	Simplyfit Wallasey
0	0	simphi.com	403 https://brandsly.com/name/simphi.com	Just a moment...
0	7	sourced.co	200 https://sourced.co/	Sourced | UK Property Investment, Franchise &amp; Finance Platform
0	0	sherwoodhomes.co.uk	000 http://sherwoodhomes.co.uk/	
0	0	seorankmaster.co.uk	000 http://seorankmaster.co.uk/	
0	0	seo-master.co.uk	000 http://seo-master.co.uk/	
0	0	sofaauction.co.uk	200 https://www.momediacuts.com/	CIPIT88 : Platform Slot Gacor Terpercaya Dan Stabil Acuan Member Setia Slot88
0	0	shopsetc.com	000 https://shopsetc.com/	
0	0	sheridanandco.co.uk	200 https://sheridanandco.co.uk/	sheridanandco.co.uk
0	0	shield-secure.com	404 http://shield-secure.com/	
0	0	select2move.co.uk	000 http://select2move.co.uk/	
0	31	sloveniainvest.com	200 https://sloveniainvest.com/	Commercial Property in Slovenia | Slovenia Invest
0	1	spiritleasedpubs.com	404 https://www.greenekingpubpartners.co.uk:443/spirit-pub-company	This page cannot be found | Greene King Pub Partners
0	0	seedmentors.co.uk	000 http://seedmentors.co.uk/	
0	0	select-resorts.co.uk	000 http://select-resorts.co.uk/	
0	0	peter.co.uk	000 http://peter.co.uk/	
0	0	selectestate.net	404 http://selectestate.net/	404 Not Found
0	1	sandersonjames.co.uk	403 http://sandersonjames.co.uk/	Attention Required! | Cloudflare
0	30	tenerifepropertysales.com	200 https://www.tenerifepropertysales.com/	Paul Ruane Estate Agent in Los Gigantes, Tenerife
0	0	russellscottshair.co.uk	000 http://russellscottshair.co.uk/	
0	5	slade-legal.co.uk	200 https://www.slade-legal.co.uk/	Oxfordshire Solicitors with law offices in Abingdon, Didcot and Wallingford - ex
0	0	roseandcrownredmarley.co.uk	000 http://roseandcrownredmarley.co.uk/	
0	0	scottsheenandpartners.co.uk	530 https://scottsheenandpartners.co.uk/	
0	9	shepcom.com	200 https://shepcom.com/	Shepherd Commercial: Commercial Property Agents and Surveyors...
0	0	rpmestates.com	200 https://www.hugedomains.com/domain_profile.cfm?d=rpmestates.com	HugeDomains.com
0	0	scalegrowth.com	200 https://scalegrowth.com/	How to increase Your Traffic, Leads &amp; Sales Using AI
0	0	roasterinabox.co.uk	000 http://roasterinabox.co.uk/	
0	25	shw.co.uk	200 https://www.shw.co.uk/	Welcome to SHW | Stiles Harold Williams
0	0	rightbizspain.com	000 http://rightbizspain.com/	
0	6	sealeys.co.uk	200 https://sealeys.co.uk/	Home Page - Sealeys Estate Agents Limited t/a Sealeys Walker Jarvis. Gravesend, 
0	0	rorymack.co.uk	401 http://rorymack.co.uk/	Security Verification
0	0	richardsongill.co.uk	000 http://richardsongill.co.uk/	
0	2	rightestatecommercial.co.uk	200 https://rightestatecommercial.co.uk/	Home - Right Estate Commercial
0	0	runathwaitespub.co.uk	200 https://www.runathwaitespub.co.uk/	Run A Thwaites Pub &#8211; Run A Thwaites Pub
0	13	residential-estates.co.uk	200 https://www.residential-estates.co.uk/	Residential Estates || Discover UK Wide Property Investment Opportunities
0	3	sellmypub.com	200 https://www.findmypub.com/private-landlords/	Private Landlord Service with FindMyPub.com
0	0	remax-skye.co.uk	000 http://remax-skye.co.uk/	
0	0	regncommercial.co.uk	000 http://regncommercial.co.uk/	
0	0	rendells.co.uk	403 http://www.rendells.co.uk/	Just a moment...
0	0	rightchoicespain.com	200 https://teenpattims.com/	Teen Patti Master APK Download & App Review (2026) - Old & Latest Version
0	15	roybarrett.co.uk	200 https://www.chaffersestateagents.co.uk/	Estate Agents Shaftesbury | Chaffers Estate Agents
0	0	redacre-lps.co.uk	000 http://redacre-lps.co.uk/	
0	0	rainbowcafeclifton.co.uk	000 http://rainbowcafeclifton.co.uk/	
0	4	reiddean.com	200 https://www.clarendons.uk/	Clarendons - Sales, Lettings &amp; Property Management | Surrey, Sussex &amp; Ke
0	0	business-partnership.co.uk	000 http://business-partnership.co.uk/	
0	0	thebusinesspartnership.co.uk	000 http://thebusinesspartnership.co.uk/	
0	30	rolfe-east.com	200 https://www.rolfe-east.com/	Rolfe East &#8211; Estate Agents
0	11	remax.co.uk	200 https://remax.co.uk/	RE/MAX | England and Wales
0	1	propertylink.co.uk	200 http://propertylink.co.uk/	Commercial Units To Let
0	0	richardwatkinson.co.uk	403 http://www.richardwatkinson.co.uk/	Just a moment...
0	0	pubsellersouthwest.wordpress.com	410 https://pubsellersouthwest.wordpress.com/	
0	0	premiumtelemarking.co.uk	000 http://premiumtelemarking.co.uk/	
0	21	reedsrains.co.uk	200 https://www.reedsrains.co.uk/	Estate Agents &amp; Letting Agents - Reeds Rains
0	0	prcp.cp.uk	000 http://prcp.cp.uk/	
0	0	priceandco.co.uk	200 http://priceandco.co.uk/	
0	24	propertysolutionsgb.co.uk	200 http://www.propertysolutionsgb.co.uk/	Homepage - PSGBN  Ltd
0	0	potterandbuck.co.uk	000 http://potterandbuck.co.uk/	
0	0	porterssurveyors.com	000 http://porterssurveyors.com/	
0	0	porterscs.co.uk	000 http://porterscs.co.uk/	
0	12	robinsonsmb.com	200 https://www.robinsonsmb.com/	Commercial Sales, Lettings, Property Management & Residential Lettings | Robinso
0	7	propertyfranchise.co.uk	200 https://www.thepropertyfranchisegroup.co.uk/	The Property Franchise Group | UK’s Leading Estate &amp; Lettings Franchise Netw
0	2	poyntons.com	200 https://www.poyntons.com/	Estate Agent
0	1	raymondjamescaravans.co.uk	200 https://www.raymondjamescaravans.co.uk/	Premium Caravan Dealer in the UK - Raymond James
0	0	riacube.us	200 https://riacube.us/	RiAcube | Software &amp; App Development Company | Trusted AI-SEO Agency for US,
0	0	perryholt.co.uk	202 http://perryholt.co.uk/	
0	0	potterandford.co.uk	200 https://potterandford.co.uk/	
0	0	peterjamesestates.co.uk	200 https://peterjamesestates.co.uk/	Welcome to Dexters
0	0	pickles.com	200 https://www.kraftheinz.com/claussen	Pickles &amp; Sauerkraut | Claussen | United States | Kraft Heinz
0	14	propertyoptions.co.uk	200 https://www.propertyoptions.co.uk/	Homepage - Property Options Sales &amp; Lettings | Property Options Sale &amp; L
0	0	peer-group.co.uk	000 http://peer-group.co.uk/	
0	0	paulchynoweth.optimhome.co.uk	000 http://paulchynoweth.optimhome.co.uk/	
0	0	pennys.net	202 http://pennys.net/	
0	9	pfk.co.uk	200 https://www.pfk.co.uk/	Home - PFK | Estate Agency | Land Agency | Planning | Surveys | Media Services
0	0	parkerscommercial.com	000 http://parkerscommercial.com/	
0	0	amberglobe.co.uk	000 http://amberglobe.co.uk/	
0	0	yummyyumsenterprises.com	000 http://yummyyumsenterprises.com/	
0	0	pennyandsinclair.co.uk	403 http://www.pennyandsinclair.co.uk/	Just a moment...
0	4	pointerproperties.co.uk	200 https://pointerproperties.co.uk/	Home - Pointer Properties
0	1	paulfoxcommercial.co.uk	200 http://paulfoxcommercial.co.uk/	Commercial Property in North Lincolnshire - Paul Fox Commercial
0	0	orlando-opportunity.com	000 http://orlando-opportunity.com/	
0	0	oohzilmartini.net-webs.com	000 http://oohzilmartini.net-webs.com/	
0	0	onlineestateagencyuk.com	000 http://onlineestateagencyuk.com/	
0	0	oneworldoffplan.com	000 http://oneworldoffplan.com/	
0	0	one2onecommercial.co.uk	000 http://one2onecommercial.co.uk/	
0	0	onlineestateagent.co.uk	200 http://onlineestateagent.co.uk/	
0	0	paceequity.com	503 http://paceequity.com/	
0	1	penyards.com	200 https://www.hashtagmotion.co.uk/	law firm marketing for solicitors across hampshire, estate agent marketing
0	0	omshanthiestate.com	000 http://omshanthiestate.com/	
0	0	oxfordcharcoal.co.uk	202 http://oxfordcharcoal.co.uk/	
0	0	nuimii.co.uk	000 http://nuimii.co.uk/	
0	0	opesrealestate.co.uk	403 http://opesrealestate.co.uk/	403 Forbidden
0	0	nowebsitepresent.com	000 http://nowebsitepresent.com/	
0	0	nnholidaypark.co.uk	000 http://nnholidaypark.co.uk/	
0	0	nextpropertycommercial.co.uk	403 https://www.nextproperty.co.uk/commercial/	Just a moment...
0	28	peill.com	200 https://peill.com/	Peill and Co - Commercial Estate Agents, Chartered Surveyors, Cumbria, Lancashir
0	0	noonroberts.co.uk	403 https://noonroberts.co.uk/	
0	0	namthaibromley.co.uk	000 http://namthaibromley.co.uk/	
0	0	nettsawyer.co.uk	200 http://nettsawyer.co.uk/	Domain parking page
0	0	trunkcollection.com	000 http://trunkcollection.com/	
0	54	oakleyproperty.com	200 https://oakleyproperty.com/	Oakley Property - Brighton, Hove, Lewes, Shoreham Estate Agents
0	0	na.com	200 https://www.bradyplus.com/north-american	North American | BradyPLUS
0	0	msmplatforms.com	000 http://msmplatforms.com/	
0	0	motorbizforsale.co.uk	200 http://motorbizforsale.co.uk/	
0	1	myplaceincornwall.co.uk	200 http://myplaceincornwall.co.uk/	Home - My Place in Cornwall
0	3	northwood.co.uk	200 https://www.northwood.co.uk/	Northwood: Leading Provider of Paper Hygiene and Wiping Products
0	3	omega-re.co.uk	200 https://omega-re.co.uk/	Omega RE - Commercial Property Experts
0	0	mot-liverpool.uk.com	403 http://mot-liverpool.uk.com/	Just a moment...
0	0	mojitoevents.co.uk	000 http://mojitoevents.co.uk/	
0	0	molyneuxbusinesspark.co.uk	403 http://molyneuxbusinesspark.co.uk/	
0	0	mirrelsoncommercial.co.uk	000 http://mirrelsoncommercial.co.uk/	
3	0	petrolstationsforsale.co.za	200 https://www.petrolstationsforsale.co.za/	Petrol Stations for Sale, South Africa | Cyrus Brokers
0	0	morrisandbott.co.uk	202 https://morrisandbott.co.uk/	
0	13	myworld-estates.co.uk	200 https://www.myworld-estates.co.uk/	My World Estates
0	0	michaelmoodyestateagents.com	000 http://michaelmoodyestateagents.com/	
0	0	thepoochparlour.co.uk	000 http://thepoochparlour.co.uk/	
0	18	moveupproperties.co.uk	200 https://www.moveupproperties.co.uk/	Homepage - Move Up Properties
0	0	mfssuk.com	000 http://mfssuk.com/	
0	0	parkinsoncpc.com	200 https://parkinsoncpc.com/	Sudut Jurulatih — Sudut Jurulatih
0	0	taylorriley.co.uk	000 http://taylorriley.co.uk/	
2	0	mtbn.co.uk	200 https://www.mtbn.co.uk/	MTBN Motor Trade Consultancy Services UK
0	0	mcewanfraser.co.uk	000 http://mcewanfraser.co.uk/	
0	0	michael-cl-hodgson.co.uk	200 https://startup-guides.com/	Startup Guides — L'Académie de la Stratégie
0	0	millerson.co.uk	200 https://millerson.co.uk/	Premium Domain For Sale | Bee Internet Ltd
0	0	virtualcommercial.co.uk	000 http://virtualcommercial.co.uk/	
0	1	mobilers.co.uk	200 https://www.mobilers.co.uk/	Mobile Catering Insurance from Mobilers Insurance | Mobilers
0	0	masaniello.co.uk	000 http://masaniello.co.uk/	
0	6	meyrick.co.uk	200 https://crickmay.co.uk/	Crickmay Chartered Surveyors | Crickmay
0	54	mccartneys.co.uk	200 https://mccartneys.co.uk/	McCartneys LLP | Simplifying The Path For Buyers &amp; Sellers
0	9	michaeltuck.co.uk	200 https://www.michaeltuck.co.uk/	Estate Agents Gloucester &amp; Tewkesbury | Michael Tuck
0	3	middletonross.co.uk	200 https://middletonross.co.uk/	Home :: Middleton Ross
0	3	milestonecommercial.co.uk	200 https://www.milestonecommercial.co.uk/	Commercial Property Agents covering Teddington, Twickenham and Whitton regions  
0	4	mbe.co.uk	200 https://www.mbe.co.uk/	Courier Services, Business Print & Mailbox Rental | Mail Boxes Etc.
0	0	maxwellbrownea.co.uk	403 https://shiresestateagents.co.uk/	
0	46	michaeljones.co.uk	200 https://www.chartersestateagents.co.uk/	Estate &amp; Letting Agents in South East England | Charters Estate Agents
0	0	maddiestocker.optimhome.co.uk	000 http://maddiestocker.optimhome.co.uk/	
0	0	macbusinessonline.com	000 http://macbusinessonline.com/	
0	0	paradoxconsult.ro	200 https://www.paradoxconsult.ro/	Paradoxconsult | Servicii imobiliare
0	0	marchandpetit.co.uk	403 http://www.marchandpetit.co.uk/	Just a moment...
0	0	mansbridgebalment.co.uk	403 http://www.mansbridgebalment.co.uk/	Just a moment...
0	0	mayapropertyservices.com	403 https://mayapropertyservices.com/	
0	23	martelmaides.co.uk	200 https://www.savills.gg/	Savills Guernsey | Residential Estate Agents &amp; Commercial Property
0	0	loseweightgetfit-vi.com	000 http://loseweightgetfit-vi.com/	
0	0	marktempler.co.uk	403 http://www.marktempler.co.uk/	Just a moment...
0	0	luscombemaye.co.uk	403 http://luscombemaye.co.uk/	
0	16	marstonscareers.co.uk	200 https://www.marstonscareers.co.uk/	Marston’s Careers | Be Part of Our Team and Make a Difference
0	0	lyonslearning.org.uk	404 https://www.lyonslearning.org.uk/	Squarespace - Website Expired
0	0	lovettinternational.com	403 https://lovettinternational.com/	
0	3	lloyds-online.co.uk	200 http://lloyds-online.co.uk/	Letting Agents Erdington | Estate Agents Birmingham, Sutton Coldfield, Kingstand
0	0	londonpropertyservice.co.uk	200 https://londonpropertyservice.co.uk/	londonpropertyservice.co.uk
0	0	letzmovelimited.com	000 http://letzmovelimited.com/	
0	0	lettingfirst.co.uk	000 http://lettingfirst.co.uk/	
2	4	martinkaye.co.uk	200 https://www.martinkaye.co.uk/	Home - Martin Kaye
0	0	taberns.co.uk	000 http://taberns.co.uk/	
0	0	symondsandsampson.co.uk	000 http://symondsandsampson.co.uk/	
0	0	lemonmeringuepie.co.uk	000 http://lemonmeringuepie.co.uk/	
0	12	lvproperty.co.uk	200 https://www.lvproperty.co.uk/	Estate &amp; Letting Agents in Birmingham City Centre | LV PROPERTY
0	0	llhsolutions.com	445 http://llhsolutions.com/	
0	0	letificus.co.uk	000 http://letificus.co.uk/	
0	0	surgey.co.uk	000 http://surgey.co.uk/	
0	4	lifestyle-lets.com	200 https://www.lifestyle-lets.com/	Home
0	0	lakeygroup.co.uk	000 http://lakeygroup.co.uk/	
0	0	lakeviewestates.co.uk	000 http://lakeviewestates.co.uk/	
0	6	lsh.co.uk	200 https://www.lsh.co.uk/	Commercial property consultants &amp; estate agents | LSH
0	0	ktptracingagency.co.za	000 http://ktptracingagency.co.za/	
0	0	starts.co.uk	000 http://starts.co.uk/	
0	0	knightrubins.com	000 http://knightrubins.com/	
0	0	lexingtons.co.uk	403 https://lexingtons.co.uk/	
0	5	mcbryerbeg.com	200 https://mcbryerbeg.com/	Home - McBryer Beg
0	1	majesticshopfronts.co.uk	200 https://majesticshopfronts.co.uk/	Majestic Shop Fronts | Shop Fronts &amp; Shutters | London &amp; Essex
0	0	kingsworthipg.com	000 http://kingsworthipg.com/	
0	26	lambertandfoster.co.uk	200 https://www.lambertandfoster.co.uk/	Lambert &amp; Foster - Property Professionals - Kent and Sussex
0	0	kingswayestatesspain.com	000 http://kingswayestatesspain.com/	
0	0	knightfranchises.com	200 http://knightfranchises.com/	
0	7	leaders.co.uk	200 https://www.leaders.co.uk/	Estate &amp; Letting Agents in England &amp; Wales | Leaders
0	0	kidswoodentoyshop.co.uk	000 http://kidswoodentoyshop.co.uk/	
0	14	legatowen.co.uk	200 https://legatowen.co.uk/	Chartered Surveyors and Commercial Estate Agents Chester | Legat Owen
0	2	larkes.co.uk	200 https://www.larkes.co.uk/	Larkes Estate Agents | Estate Agents Great Yarmouth | 25a Hall Quay, Great Yarmo
0	0	julianswartz.com	000 http://julianswartz.com/	
0	0	kingsofcheddar.co.uk	200 http://kingsofcheddar.co.uk/	Your website is ready to use
4	0	lakeyoffshore.com	200 https://www.lakeyoffshore.com/	Lakey Offshore | Businesses for sale
0	2	laffertylaw.co.uk	200 https://www.austinlafferty.co.uk/	The Name You Can Trust | Austin Lafferty Solicitors
0	0	juliotswell.com	200 http://www.juliotswell.co.uk/	
0	1	keydrummond.com	403 https://www.berkeleysdrummond.com/	Attention Required! | Cloudflare
0	3	knightknox.co.uk	200 https://knightknox.com/?utm_medium=domains&utm_campaign=domains&utm_source=knightknox.co.uk	Trusted UK Property Investment Specialists | Knight Knox
0	0	johnmartinbusinessbrokers.com	000 http://johnmartinbusinessbrokers.com/	
0	6	ledlights4you.co.uk	200 https://www.ledlights4you.co.uk/	LED Lighting for Warehouses, Offices &amp; Commercial | LEDLights4You
0	0	jts-ire.com	200 http://jts-ire.com/cgi-sys/suspendedpage.cgi	Account Suspended
0	0	jefferyjones.co.uk	000 http://jefferyjones.co.uk/	
0	15	lhj-property.co.uk	200 https://www.lhj-property.co.uk/default.aspx	Estate And Letting Agents In Aberystwyth, Ceredigion - Lloyd Herbert &amp; Jones
0	0	keymediasolutions.co.uk	000 https://keymediaonline.co.uk/	
13	4	kingsbrook.co.uk	200 https://www.kingsbrook.co.uk/	Kingsbrook: A Different Approach to Selling Your Business
0	22	knightfrank.co.uk	200 https://www.knightfrank.co.uk/	Knight Frank Estate Agents | London &amp; UK Property Experts
0	0	jacobsenblack.co.uk	200 http://jacobsenblack.co.uk/	
0	0	jacksonscommercial.co.uk	000 http://jacksonscommercial.co.uk/	
0	0	regiondirect.co.uk	000 http://regiondirect.co.uk/	
0	0	isolarnet.com	000 http://isolarnet.com/	
0	0	inmozar.com	000 http://inmozar.com/	
0	0	inkersallinvestments.co.uk	000 http://inkersallinvestments.co.uk/	
0	0	jamesberlin.co.uk	200 http://jamesberlin.co.uk/	James Berlin &amp; Associates
0	0	jamesdean4property.co.uk	200 http://jamesdean4property.co.uk/	jamesdean4property.co.uk is for sale
0	0	inconstruction.cl	000 http://inconstruction.cl/	
0	0	johnryde.co.uk	202 http://johnryde.co.uk/	
0	0	jackson-stops.co.uk	403 http://www.jackson-stops.co.uk/	Just a moment...
0	0	invictusgroup.eu	404 http://invictusgroup.eu/	404 Not Found
0	0	irishruralhomes.com	202 http://irishruralhomes.com/	
0	0	imf.uk.net	000 http://imf.uk.net/	
0	0	sellright.com	000 http://sellright.com/	
0	0	indiainternet.com	200 http://indiainternet.com/	
0	0	qpml.co.uk	000 https://qpml.co.uk/	
0	2	jwlees.co.uk	200 https://www.jwlees.co.uk/	Manchester&#x27;s Oldest Brewery. Pub, Inn, Hotel &amp; Food Operator
0	0	jpgwm.com	200 http://www.jpgwm.com/	
0	0	howtosavefromcarbonsin.com	000 http://howtosavefromcarbonsin.com/	
0	0	hunteruk.com	200 https://www.hugedomains.com/domain_profile.cfm?d=hunteruk.com	HugeDomains.com
0	4	langleyscs.co.uk	200 https://www.langleyscs.co.uk/	Commercial Property Planning Development Rent Reviews Lease Renewals
0	0	housello.co.uk	409 http://housello.co.uk/	
0	0	jgpropconsultants.co.uk	401 http://jgpropconsultants.co.uk/	Security Verification
0	0	home-alone.co.uk	000 http://home-alone.co.uk/	
0	16	johngoodwin.co.uk	200 https://www.johngoodwin.co.uk/	Property Professionals, Estate Agents, Letting Agents, Valuers and Auctioneers |
0	0	homeseekers.co.uk	403 http://homeseekers.co.uk/	403 Error
0	10	hunters.com	200 https://www.hunters.com/	Estate Agents &amp; Letting Agents UK | Hunters
0	0	howardestateagency.co.uk	200 http://howardestateagency.co.uk/	Estates IT Ltd - Estate and Letting Agent Software and IT Providers
0	0	highlandestateagents.com	000 http://highlandestateagents.com/	
0	0	hodgesolictors.co.uk	000 http://hodgesolictors.co.uk/	
0	2	htiddy.co.uk	200 https://www.htiddy.co.uk/	Welcome H Tiddy - H Tiddy
0	0	rightestateagents.co.uk	000 http://rightestateagents.co.uk/	
0	0	hollowayrealty.com	200 https://www.hugedomains.com/domain_profile.cfm?d=hollowayrealty.com	HugeDomains.com
0	0	haydens-lps.co.uk	000 http://haydens-lps.co.uk/	
0	0	jacobandjones.com	200 https://jacobandjones.com/	购宝钱包APP官方下载 - 全球领先的数字货币交易平台
0	5	huntsaccountants.co.uk	200 https://www.huntsaccountants.co.uk/	Accounting, Tax &amp; Payroll Services | Hunts Accountants, Dorset
0	0	hhgbs.co.uk	200 http://hhgbs.co.uk/	Domain parking page
0	0	hananlivingworld.int	000 http://hananlivingworld.int/	
0	8	hornseys.uk.com	200 https://www.hornseys.uk.com/	Hornseys | Market Weighton Estate Agents &amp; Property Experts
0	0	hadigyfinance.com	000 http://hadigyfinance.com/	
0	17	jonbrambles.com	200 https://www.jonbrambles.com/	Estate Agents in Newark - Jon Brambles
0	0	hamptonjones.co.uk	404 https://hamptonjones.co.uk/	Store unavailable
0	109	hearnes.com	200 https://hearnes.com/	Estate Agents | Bournemouth, Fernwood, Poole, Ringwood, Wimborne
0	0	harriscommercial.com	200 https://harriscommercial.com/	Harris Commercial Ltd &#8211; Committed To Client Care
0	4	highlandpropertyservices.co.uk	200 https://www.highlandpropertyservices.co.uk/	Highland Property Services | Cairngorms and Highland Property Sales, Letting and
0	6	ime.co.uk	200 https://ime.co.uk/	Commercial Property Agents Edinburgh | IME
0	0	gpsjavea.com	000 http://gpsjavea.com/	
0	0	p1speedyfit.co.uk	000 http://p1speedyfit.co.uk/	
0	0	hjpugh.com	200 https://www.hjpugh.com/	HJ Pugh
0	2	harrisandcompany.co.uk	200 https://www.harrisandcompany.co.uk/	Estate Agents in Kensal Rise NW10 Letting Agents Harris &amp; Company
0	1	hardimans.co.uk	200 https://hardimans.co.uk/	Selling and lettings properties in Lowestoft, Beccles and surrounding villages
0	0	gth.net	403 http://www.gth.net/	Just a moment...
0	8	howards.co.uk	200 https://howards.co.uk/	Howards Estate and Lettings Agents | Howards
0	0	glenthorpehomes.co.uk	403 http://glenthorpehomes.co.uk/	
0	0	gibsonkerr.co.uk	202 http://gibsonkerr.co.uk/	
0	2	gosfordestates.co.uk	200 https://gosfordestates.co.uk/	Harry Casino ⭐️ Official Site Harry in United Kingdom
0	0	ghtechnical.com	202 http://ghtechnical.com/	
0	0	gaufresdeparis.fr	000 http://gaufresdeparis.fr/	
0	0	prime-estateagents.com	000 http://prime-estateagents.com/	
0	22	gravesjenkins.com	200 https://www.gravesjenkins.com/	We Are Property People | Graves Jenkins
0	0	genesis-momentum.com	403 http://genesis-momentum.com/	403 Forbidden
0	11	glenmoreproperties.co.uk	200 https://glenmoreproperties.co.uk/	Glenmore Property Services Ltd
0	0	futureii.co.uk	000 http://futureii.co.uk/	
0	0	fusionrestaurantandbarconsultancy.com	000 http://fusionrestaurantandbarconsultancy.com/	
0	0	galaxyrealestate.co.uk	200 https://www.galaxyrealestate.co.uk/	Galaxy Real Estate — We'll be back soon
0	0	fundingpartnership.co.uk	000 http://fundingpartnership.co.uk/	
0	2	gjwisdom.co.uk	200 https://gjwisdom.co.uk/	G.J.Wisdom &amp; Co &#8211; Commercial Auctioneers &amp; Valuers
0	16	gscgrays.co.uk	200 https://www.gscgrays.co.uk/	GSC Grays - Estate Agents, Chartered Surveyors, Land &amp; Estate Agents
0	28	gpcommercial.co.uk	200 https://www.gpcommercial.co.uk/	G&P Property
0	0	fulfords.co.uk	403 http://www.fulfords.co.uk/	Just a moment...
0	19	garyberryman.co.uk	200 https://www.berrymansproperties.net/	Estate Agents in Burnham-on-Sea - Berryman's
0	1	georgesonsproperty.co.uk	200 https://georgesonsproperty.co.uk/	Non UK Casinos List in 2026 Accepting UK Punters
0	0	frankmarshall.co.uk	200 http://frankmarshall.co.uk/	
3	8	imovespain.com	200 https://www.imovespain.com/	iMove Spain - Estate Agents Mallorca, Properties For Sale &amp; Rent, Commercial
0	0	freelancesalesagents.wordpress.com	200 https://freelancesalesagents.wordpress.com/	THE  AGENCY | Smile! You’re at the best WordPress.com site ever
0	20	g-s.co.uk	200 https://g-s.co.uk/	Graham + Sibbald | Chartered Surveyors &amp; Property Consultants
0	0	futurewbs.com	500 https://futurewbs.com/	
0	1	fowlers.co.uk	403 https://fowlers.co.uk/	Attention Required! | Cloudflare
0	2	frobishersuk.com	200 https://www.frobishersuk.com/	RICS Chartered Surveyors &amp;  Valuers | Commercial Agents &amp; Brokers
8	0	floridabusinessopportunities.com	200 http://floridabusinessopportunities.com/	Florida Business Brokers - Florida Business For Sale, Florida Businesses, Busine
0	0	foodwine.co.uk	200 https://foodwine.co.uk/	FOODWINE.CO.UK - For Sale
0	35	hackney-leigh.co.uk	200 https://www.hackney-leigh.co.uk/	Home - Hackney &amp; Leigh Estate Agents: Property Sales and Lettings
0	0	felixgormley.ie	000 http://felixgormley.ie/	
0	0	fashspiration.com	000 http://fashspiration.com/	
0	1	focuscommercial.com	200 https://focuscommercial.com/	Focus Commercial and Residential Agents | Slough, Berkshire
0	0	fastcarpetcleaners.co.uk	202 http://fastcarpetcleaners.co.uk/	
0	0	franchisebrands.co.uk	200 https://franchisebrands.co.uk/	Home - Franchise Brands
0	0	ezycash.co.uk	000 http://ezycash.co.uk/	
0	12	grisdales.co.uk	200 https://www.grisdales.co.uk/	Grisdales Estate Agents
0	0	everyonlinesolution.co.uk	000 http://everyonlinesolution.co.uk/	
0	0	newinchan.blog.com	000 http://newinchan.blog.com/	
0	0	fidler-taylor.co.uk	403 https://fidler-taylor.co.uk/	
0	0	euroburo-businesses.com	000 http://euroburo-businesses.com/	
0	0	estepona-holidays.com	000 http://estepona-holidays.com/	
0	0	ernestinvestments.co.uk	000 http://ernestinvestments.co.uk/	
0	35	georgewebbfinn.com	200 https://www.georgewebbfinn.com/	Estate Agents in Sittingbourne, Kent | George Webb Finn
0	12	findyourplace.co.uk	200 https://www.fyplondon.co.uk/	Find Your Place UK ltd
0	0	enviroestates.co.uk	403 https://enviroestates.co.uk/	Just a moment...
0	0	eightcentre.co.uk	000 http://eightcentre.co.uk/	
0	3	fineandcountry.co.uk	200 https://www.fineandcountry.co.uk/	Fine &amp; Country | Estate Agents &amp; Letting Agents in the UK
0	0	facebook.com	200 https://www.facebook.com/	Facebook
0	2	fieldscommercial.com	200 https://www.fieldscommercial.com/	Commercial Property in Oxfordshire and the M40 corridor - Fields Commercial
0	0	europroperties.net	200 https://www.namesandbrands.ai/name/EuroProperties.net	EuroProperties.net is available
0	0	edmondscommercial.co.uk	000 http://edmondscommercial.co.uk/	
0	4	fsb4homes.com	200 https://fsb4homes.com/	FSB4home landing page
0	0	energiefitness.com	200 https://www.energiefitness.com/	Energie Fitness | Low Price High Quality Gym Memberships
0	0	easyrider.es	403 https://easy.com/	Just a moment...
0	4	ellisandco.co.uk	200 https://www.ellisandco.co.uk/	Estate Agents &amp; Letting Agents In London | Ellis &amp; Co
0	0	fellreynolds.com	200 https://we-pm.co.uk/	Warwick Estates | UK Property Management Experts
0	0	douglasbarrie.com	000 http://douglasbarrie.com/	
0	1	ensors.co.uk	200 https://www.azets.com/en-uk	Azets UK | United Kingdom | Azets
0	3	dreverandheddle.co.uk	200 https://www.dandhlaw.co.uk/	Solicitors in Orkney, Caithness &amp; Sutherland | d and h
0	3	freshaccountancy.co.uk	200 https://freshaccountancy.co.uk/	Fresh Thinking, All-Inclusive Accountancy Services
0	8	dunallan.co.uk	200 https://dunallan.co.uk/	Home - Dunallan Guest House, Guest Accommodation in Perth
0	12	edwinthompson.co.uk	200 https://www.edwinthompson.co.uk/	Chartered Surveyors &amp; Property Experts - Edwin Thompson
0	0	done4u.co.uk	200 https://done4u.co.uk/	DONE4U.CO.UK - For Sale
0	0	dogsalonbristol.co.uk	000 http://dogsalonbristol.co.uk/	
0	0	directplanning.co.uk	000 http://directplanning.co.uk/	
0	40	domvs.co.uk	200 https://domvs.co.uk/	DOMVS | Award-Winning Estate Agent in Dorset | DOMVS
0	12	edwin-thompson.co.uk	200 https://www.edwinthompson.co.uk/	Chartered Surveyors &amp; Property Experts - Edwin Thompson
0	0	djandp.co.uk	200 http://djandp.co.uk/	Domain parking page
0	0	dfe.co.uk	000 http://dfe.co.uk/	
0	0	deeestates.co.uk	000 http://deeestates.co.uk/	
0	0	direct2home@outlook.com	417 https://outlook.com/mail/	
12	0	hartagents.com	200 https://www.hartagents.com/	Home - Hart &amp; Co
0	0	dcpsolutions.co.uk	000 http://dcpsolutions.co.uk/	
0	0	dgpropertyltd.com	200 https://dgpropertyltd.com/	Coming Soon
0	0	dommarketing.co.uk	403 https://prat.uk/dominatrix-marketing-industry-explodes/	Just a moment...
0	0	david-ingram.co.uk	000 http://david-ingram.co.uk/	
0	16	falconerproperty.co.uk	200 https://falconerproperty.co.uk/	Falconer Property - Commercial Property Surveyors &amp; Consultants Scotland
0	5	drkivellandpartners.co.uk	200 https://www.drkivell.co.uk/	D. R. Kivell Country Property covering Devon and C
0	0	cuthbertmedia.com	000 http://cuthbertmedia.com/	
0	0	danielalexander.com	404 http://danielalexander.com/	Not Found
0	0	csm-flooring.co.uk	000 http://csm-flooring.co.uk/	
0	0	cvmgroup.co.uk	200 http://cvmgroup.co.uk/	
0	0	davidlfells.com	200 http://davidlfells.com/	
0	0	maygroveestates.co.uk	000 http://maygroveestates.co.uk/	
0	0	domusvalencia.es	200 https://domusvalencia.es/	Distribución de agua y café para empresas y particulares desde 1999
0	0	cowroastchandlery.com	000 http://cowroastchandlery.com/	
0	13	doylesalesandlettings.co.uk	200 https://www.doylesalesandlettings.co.uk/	Doyle Sales &amp; Lettings - Estate Agent &amp; Letting Agent in Hanwell
0	0	cumbrian-properties.co.uk	403 http://www.cumbrian-properties.co.uk/	Just a moment...
0	0	corvusconsultancy.com	301 http://www.corvusconsultancy.com/	
0	0	cpmblackpool.co.uk	200 http://cpmblackpool.co.uk/	Web Server's Default Page
0	6	crickmay.co.uk	200 https://crickmay.co.uk/	Crickmay Chartered Surveyors | Crickmay
0	0	creativesuccess.co.uk	200 http://creativesuccess.co.uk/cgi-sys/suspendedpage.cgi	Account Suspended
0	0	commercialpropertiesspain.com	000 http://commercialpropertiesspain.com/	
0	0	connells.co.uk	403 http://www.connells.co.uk/	Just a moment...
0	0	dmaproperty.co.uk	200 https://www.dmaproperty.com/	Commercial Property Consultants | DMA Property
0	0	colemansestates.co.uk	000 http://colemansestates.co.uk/	
0	0	coburnsestates.co.uk	000 http://coburnsestates.co.uk/	
1	13	duxburyscommercial.com	200 https://duxburyscommercial.com/	Leading Lancashire in Commercial Property Sales and Letting
0	0	dewhursthomes.co.uk	200 https://dewhursthomes.co.uk/	
0	1	costa1.com	200 https://www.123bmt.net/	BMT &amp; Associates | Mould &amp; damp specialist Costa del Sol
0	0	cliftonsestateagents.co.uk	404 http://cliftonsestateagents.co.uk/	Not Found
0	0	colliers.com	403 https://www.colliers.com/	Just a moment...
0	9	csj.eu.com	200 https://csj.eu.com/	Home | CSJ Estates
0	0	lsk.co.uk	000 http://lsk.co.uk/	
0	1	deangambles.com	200 https://deangambles.com/	Dean Gambles
0	0	chrisdedman.co.uk	503 http://chrisdedman.co.uk/	
0	0	charltonblake.com	000 http://charltonblake.com/	
0	0	lordsphynx.com	000 https://www.lordsphynx.com/	
0	10	cobbamos.com	200 https://cobbamos.com/	Cobb Amos Estate Agents | Property for sale and to let in Hereford, Leominster a
0	0	comparemyloan.co.uk	500 https://www.comparemyloan.co.uk/	Database Error
0	0	charleswellspubs.co.uk	200 http://charleswellspubs.co.uk/	Domain parking page
0	0	chancerywestgate.com	000 http://chancerywestgate.com/	
0	0	ibizastateofmind.com	000 http://ibizastateofmind.com/	
0	23	collyers.biz	200 https://www.collyers.biz/	Estate Agents in Barnstaple | Lettings &amp; Sales Across North Devon - Collyers
0	3	cranswicks.com	200 https://www.cranswicks.com/	
0	8	cheddarwoods.co.uk	200 https://darwinescapes.co.uk/holiday/destinations/somerset/cheddar-woods-resort-spa/	Cheddar Woods Resort &amp; Spa | Somerset | Darwin Escapes
0	0	centralestateagents.co.uk	000 http://centralestateagents.co.uk/	
0	1	dmrproperty.co.uk	200 https://www.dmrproperty.co.uk/	DMR Property | Restaurant &amp; Entertainment Real Estate
0	0	cbtinthecity.com	403 http://cbtinthecity.com/	Softaculous Webuzo | Default Website Page
0	2	chaninandthomas.co.uk	200 http://www.chaninandthomas.co.uk/	
0	0	carvergroup.co.uk	000 http://carvergroup.co.uk/	
0	0	cargonaija.com	307 http://cargonaija.com/	You are being redirected...
0	0	cards-for-you.co.uk	000 http://cards-for-you.co.uk/	
0	0	chaplinbond.co.uk	000 https://chaplinbond.co.uk:443/	
0	0	cahayajatifurniture.com	000 http://cahayajatifurniture.com/	
0	0	buywebsites.co	000 http://buywebsites.co/	
0	1	charltons.biz	200 https://solarpanelcleaningauchenflower.com.au/	Solar panel cleaning in Auchenflower, Brisbane Inner West
0	0	cateringjobs.eu	403 https://sedo.com/search/details/?domain=cateringjobs.eu&campaignId=329145&origin=sales_lander_15	Just a moment...
0	0	businesswebmasters.co.uk	000 http://businesswebmasters.co.uk/	
0	0	cedardeangroup.com	000 https://cedardeangroup.com/	
0	0	businesssalesproperty.com	000 http://businesssalesproperty.com/	
0	24	cgpooks.co.uk	200 https://www.cgpooks.co.uk/	Shrewsbury Estate Agents | Shropshire Estate Agents
0	13	cesare.co.uk	200 https://www.cesare.co.uk/default.aspx	Property for Sale and Rent in Tring Hertfordshire - Cesare &amp; Co
0	1	clareandcompany.co.uk	200 https://clareandcompany.co.uk/home/	Home | Clare &amp; Co
0	2	carterjonas.co.uk	200 https://www.carterjonas.co.uk/	Carter Jonas Estate Agents &amp; Property Consultants
0	9	davidshomes.co.uk	200 https://www.davidshomes.co.uk/	Davids Homes
0	17	citydealestates.com	200 https://www.citydeal.co.uk/	Citydeal Estates |  Acton W3 West London Estate Agents and Letting Agents | Prop
0	0	harehillsco.com	000 http://harehillsco.com/	
0	0	brookeandco.co.uk	000 http://brookeandco.co.uk/	
0	0	company4sale.co.uk	200 https://company4sale.co.uk/	Company4sale &#8211; Companies are our business, Confidentiality is our promise,
0	0	btatest.com	403 http://btatest.com/	403 - Forbidden: Access is denied.
0	0	bridgefinance.ltd.uk	000 http://bridgefinance.ltd.uk/	
0	8	century21uk.com	200 https://www.century21uk.com/	Century 21 UK - Century 21 United Kingdom
0	0	brainstorm365.co.uk	000 http://brainstorm365.co.uk/	
0	4	bunnandco.com	200 https://www.bunnandco.com/	Bunn &amp; Co
0	0	blu-industries.com	000 http://blu-industries.com/	
0	0	bobbiproperty.co.uk	000 http://bobbiproperty.co.uk/	
0	0	bs4u.co.uk	200 http://bs4u.co.uk/	Business Solutions - One Stop Business Shop
0	0	businessvaluesonline.co.uk	404 http://businessvaluesonline.co.uk/	SITE NOT FOUND
0	0	bizchain.co.uk	000 http://bizchain.co.uk/	
0	0	campbellsproperty.co.uk	200 https://www.campbellsproperty.co.uk/	Campbell's Estate Agents - Expert local knowledge with national reach
0	0	bradburycommercial.co.uk	000 http://bradburycommercial.co.uk/	
13	1	businessfinderscanada.com	200 https://businessfinderscanada.com/	Commercial Real Estate &amp; Business Brokerage - Business Finders Canada
0	0	bigfishfranchising.com	000 http://bigfishfranchising.com/	
0	0	jsb-properties.com	000 https://www.jsb-properties.com/	
0	0	bridgerscentral.com	403 http://bridgerscentral.com/	403 Forbidden
0	0	blproperties.co.uk	200 http://blproperties.co.uk/	Bluelight Properties
0	0	bestinternationalproperty.co.uk	000 http://bestinternationalproperty.co.uk/	
0	1	bivbowes.com	200 http://bivbowes.com/	Residential and Commercial - BIV Bowes
0	2	commercialpropertyshop.co.uk	200 https://commercialpropertyshop.co.uk/	The Commercial Property Shop |
0	1	breckergrossmith.co.uk	200 https://breckergrossmith.co.uk/	Homepage | Brecker Grossmith
0	0	belvoirlettings.com	401 http://belvoirlettings.com/	Flywheel - Password Required
0	0	barfords.co.uk	000 http://barfords.co.uk/	
0	6	caldwells.uk.com	200 https://caldwells.uk.com/	Caldwells New Forest | Lymington, London
0	0	barbaraullola.co.uk	000 http://barbaraullola.co.uk/	
0	0	becestates.co.uk	200 http://becestates.co.uk/	BECestates
0	0	bartleywest.co.uk	202 http://bartleywest.co.uk/	
0	0	b2businessbrokers.com	000 http://b2businessbrokers.com/	
0	0	bandbw.co.uk	200 http://bandbw.co.uk/	Domain parking page
0	0	bigskiesestates.co.uk	404 https://bigskiesestates.co.uk/	404 Not Found
0	0	inchfad.com	000 http://inchfad.com/	
0	0	aston-barclay.com	000 http://aston-barclay.com/	
0	0	azoresholdings.com	200 http://azoresholdings.com/	
0	0	barbourcommercial.co.uk	404 http://barbourcommercial.co.uk/	404 Not Found
0	0	bellingram.co.uk	401 http://bellingram.co.uk/	Security Verification
0	0	aspirebusinesses.co.uk	000 http://aspirebusinesses.co.uk/	
0	0	ashtonmatthews.co.uk	000 http://ashtonmatthews.co.uk/	
0	10	benjaminstevens.co.uk	200 https://benjaminstevens.co.uk/	Estate &amp; Letting Agents in Bushey, Edgware &amp; Luton | Benjamin Stevens
0	0	huntersnet.co.uk	000 http://huntersnet.co.uk/	
0	0	arthur-wheeler.co.uk	202 http://arthur-wheeler.co.uk/	
0	0	ashby-lowery.co.uk	403 http://www.ashby-lowery.co.uk/	Just a moment...
0	0	baillieaccountants.co.uk	403 https://baillieaccountants.co.uk/	
0	0	argt.co.uk	000 http://argt.co.uk/	
0	0	bagshaws.com	200 https://bagshaws.com/	Bot Verification
0	0	aquido.co.uk	000 http://aquido.co.uk/	
0	0	appletonbusinessdevelopment.co.uk	000 http://appletonbusinessdevelopment.co.uk/	
0	10	blenkinandco.com	200 https://www.blenkinandco.com/	Estate Agents in York | Blenkin &amp; Co Estate Agents in Yorkshire
1	1	avisonyoung.com	200 https://www.avisonyoung.us/	Commercial Real Estate Company | Avison Young US
0	0	bekschippy.co.uk	200 https://nicsell.com/en	nicsell: RGP domain backorder service for .de & .eu & .at domains
0	0	angelcommercialfinance.com	000 http://angelcommercialfinance.com/	
0	0	aspirecountryhomes.co.uk	200 https://www.aspirecountryhomes.co.uk/	Aspire Country Homes - Estate agents in West Sussex, Hampshire, Surrey &amp; Eas
0	34	ayerscruiks.co.uk	200 https://www.ayerscruiks.co.uk/	Ayers & Cruiks
0	0	ameedharametal.com	000 http://ameedharametal.com/	
0	5	arranestateagents.co.uk	200 https://www.arranestateagents.co.uk/	Estate Agents Isle of Arran | Arran Estate Agents
0	0	buoycorp.com	200 https://www.buoycorp.com/	Buoy Corporation
0	0	americandcc.com	202 https://americandrycleaningcompany.com/	
0	0	gva.co.uk	000 http://gva.co.uk/	
0	0	amazing-results.co.uk	200 http://amazing-results.co.uk/	Welcome to Amazing Results! Ltd.
0	12	broomheads.com	200 https://tigerestates.co.uk/	Tiger Estates: Leading Estate and Letting Agency in Lancashire
0	51	arnoldskeys.com	200 https://www.arnoldskeys.com/	Homepage - Arnolds Keys
0	4	altavillas.com	200 https://altavillas.com/	Property and Villas for sale in Javea, Real Estate Agent in Javea
0	0	agorahomesrealestate.com	000 http://agorahomesrealestate.com/	
0	0	aliusfinance.com	403 https://www.atom.com/name/AliusFinance	Just a moment...
0	0	agentcite.co.uk	000 http://agentcite.co.uk/	
0	20	argroup.co.uk	200 https://g-s.co.uk/	Graham + Sibbald | Chartered Surveyors &amp; Property Consultants
0	0	afaconsultancy.co.uk	000 http://afaconsultancy.co.uk/	
0	0	admissionist.com	000 http://admissionist.com/	
0	2	apolloblinds.co.uk	200 https://www.apollo-blinds.co.uk/	Apollo Blinds made-to measure blinds, shutters, awnings &amp; curtains
0	11	allan-morris.co.uk	200 https://www.allan-morris.co.uk/	Home - Allan Morris
0	0	abbeyproperties.tv	000 http://abbeyproperties.tv/	
0	0	adamsandco.com	200 http://adamsandco.com/	
0	0	222.wilbys.net	000 http://222.wilbys.net/	
0	25	alexanders-estates.co.uk	200 https://www.alexanders-estates.com/	Welcome to Alexanders Estate Agents
0	18	andash.co.uk	200 https://www.andash.co.uk/	Commercial property throughout Leicestershire and the Midlands | Andrew &amp; As
0	0	adamsandco.co.uk	200 http://adamsandco.co.uk/	
0	3	amazingaustria.com	200 https://www.amazingaustria.com/	Austria for meetings, events and incentives - Amazing Austria
0	5	apartotels.com	200 https://www.apartotels.com/	A Part of Estate | Global Property Guide
0	0	3degreessocial.co.uk	200 https://3degreessocial.co.uk/	3degreessocial - Done With You LinkedIn Marketing Service
0	0	ahafsurgico.com	403 https://ahafsurgico.com/	
6	0	biz2sell.co.za	200 https://biz2sell.co.za/	Business Brokers Marketing Selling Small-Medium size Businesses
0	4	alderking.com	200 https://www.alderking.com/	Alder King Property Consultants
0	0	addisons-surveyors.co.uk	403 https://addisons-surveyors.co.uk/	
0	0	eur.cushwake.com	000 http://eur.cushwake.com/	
0	0	eatonandhollis.co.uk	000 http://eatonandhollis.co.uk/	
0	0	agnes.com	200 https://homemate.dk/agnes-faerdigretter-god-nem-og-smagfuld-faerdigmad-til-aeldre/	Agnes.com - Homemate.dk
0	0	chardwallis.com	000 http://chardwallis.com/	
0	0	businessesforsale.co.uk	000 http://businessesforsale.co.uk/	
0	0	bombr.com	000 http://bombr.com/	
0	0	charterscommercial.co.uk	000 http://charterscommercial.co.uk/	
0	0	ashleytate.co.uk	000 http://ashleytate.co.uk/	
0	0	andertonbosonnet.co.uk	000 http://andertonbosonnet.co.uk/	
0	0	buyerbiz.co.uk	000 https://buyerbiz.co.uk/	
0	0	bigben.ws	000 http://bigben.ws/	
0	0	ashbylowery.co.uk	000 http://ashbylowery.co.uk/	
0	0	aiagroup.co.uk	000 http://aiagroup.co.uk/	
